city,type,bed,bath,garage,sqft,pool,spa,price
Long Beach,,0,1,,513,,NA,119000
Long Beach,,0,1,,550,,NA,153000
Long Beach,,0,1,,550,,NA,205000
Long Beach,,0,1,1,1030,,NA,3.00E+05
Long Beach,,0,1,1,1526,,NA,375000
Long Beach,,1,1,,552,,NA,159900
Long Beach,,1,1,,558,,NA,135000
Long Beach,,1,1,,596,,NA,105000
Long Beach,,1,1,,744,,NA,167000
Long Beach,,1,1,,750,,NA,134900
Long Beach,,1,1,,750,,NA,145000
Long Beach,,1,1,,791,,NA,219900
Long Beach,,1,1,,798,,NA,195000
Long Beach,,1,1,1,671,,NA,120000
Long Beach,,1,1,1,796,,NA,179900
Long Beach,,1,1,1,935,,NA,239000
Long Beach,,1,1,1,1006,,NA,360000
Long Beach,,1,1,1,1431,,NA,5.00E+05
Long Beach,,1,1,2,926,,NA,339000
Long Beach,,1,1,2,1209,,NA,580000
Long Beach,,1,1,2,1620,,NA,419900
Long Beach,,1,1,2,1924,,NA,394900
Long Beach,,1,1,2,1970,,NA,619000
Long Beach,,1,2,1,1310,,NA,359900
Long Beach,,1,2,1,1450,,NA,325000
Long Beach,,1,2,1,1450,,NA,329900
Long Beach,,1,2,2,1077,,NA,325000
Long Beach,,2,1,,1133,,NA,325000
Long Beach,,2,1,,2374,,NA,799000
Long Beach,,2,1,2,1620,,NA,418000
Long Beach,,2,1,2,2019,,NA,420000
Long Beach,,2,2,1,868,,NA,240000
Long Beach,,2,2,1,1050,,NA,318800
Long Beach,,2,2,1,1241,,NA,299500
Long Beach,,4,4,,3636,,NA,349900
Long Beach,,6,3,,2554,,NA,379900
Long Beach,Condo/Twh,0,1,,462,,NA,138900
Long Beach,Condo/Twh,0,1,,475,,NA,120000
Long Beach,Condo/Twh,0,1,,527,,NA,179000
Long Beach,Condo/Twh,0,1,,702,,NA,236900
Long Beach,Condo/Twh,0,1,2,650,,NA,217900
Long Beach,Condo/Twh,1,1,,403,,NA,139950
Long Beach,Condo/Twh,1,1,,426,,NA,135000
Long Beach,Condo/Twh,1,1,,560,,NA,135000
Long Beach,Condo/Twh,1,1,,561,,NA,273500
Long Beach,Condo/Twh,1,1,,590,,NA,215000
Long Beach,Condo/Twh,1,1,,590,,NA,259900
Long Beach,Condo/Twh,1,1,,597,,NA,130000
Long Beach,Condo/Twh,1,1,,599,,NA,350000
Long Beach,Condo/Twh,1,1,,600,,NA,183900
Long Beach,Condo/Twh,1,1,,617,,NA,104990
Long Beach,Condo/Twh,1,1,,628,,NA,119000
Long Beach,Condo/Twh,1,1,,628,,NA,285000
Long Beach,Condo/Twh,1,1,,631,,NA,215000
Long Beach,Condo/Twh,1,1,,633,,NA,175000
Long Beach,Condo/Twh,1,1,,635,,NA,243000
Long Beach,Condo/Twh,1,1,,664,,NA,109000
Long Beach,Condo/Twh,1,1,,667,,NA,199900
Long Beach,Condo/Twh,1,1,,667,,NA,350000
Long Beach,Condo/Twh,1,1,,670,,NA,155900
Long Beach,Condo/Twh,1,1,,680,,NA,239000
Long Beach,Condo/Twh,1,1,,693,,NA,220000
Long Beach,Condo/Twh,1,1,,693,,NA,229900
Long Beach,Condo/Twh,1,1,,693,,NA,245000
Long Beach,Condo/Twh,1,1,,700,,NA,125000
Long Beach,Condo/Twh,1,1,,707,,NA,185000
Long Beach,Condo/Twh,1,1,,710,,NA,195000
Long Beach,Condo/Twh,1,1,,739,,NA,179000
Long Beach,Condo/Twh,1,1,,741,,NA,165000
Long Beach,Condo/Twh,1,1,,745,,NA,199900
Long Beach,Condo/Twh,1,1,,745,,NA,2.00E+05
Long Beach,Condo/Twh,1,1,,751,,NA,221000
Long Beach,Condo/Twh,1,1,,752,,NA,225900
Long Beach,Condo/Twh,1,1,,772,,NA,169000
Long Beach,Condo/Twh,1,1,,779,,NA,124900
Long Beach,Condo/Twh,1,1,,787,,NA,167000
Long Beach,Condo/Twh,1,1,,792,,NA,109000
Long Beach,Condo/Twh,1,1,,811,,NA,145000
Long Beach,Condo/Twh,1,1,,839,,NA,335000
Long Beach,Condo/Twh,1,1,,864,,NA,249000
Long Beach,Condo/Twh,1,1,,981,,NA,216000
Long Beach,Condo/Twh,1,1,,1069,,NA,330000
Long Beach,Condo/Twh,1,1,1,530,,NA,175000
Long Beach,Condo/Twh,1,1,1,540,,NA,165000
Long Beach,Condo/Twh,1,1,1,590,,NA,236900
Long Beach,Condo/Twh,1,1,1,592,,NA,175000
Long Beach,Condo/Twh,1,1,1,597,,NA,130000
Long Beach,Condo/Twh,1,1,1,597,,NA,140000
Long Beach,Condo/Twh,1,1,1,597,,NA,149900
Long Beach,Condo/Twh,1,1,1,597,,NA,150000
Long Beach,Condo/Twh,1,1,1,600,,NA,244900
Long Beach,Condo/Twh,1,1,1,600,,NA,279900
Long Beach,Condo/Twh,1,1,1,600,,NA,285000
Long Beach,Condo/Twh,1,1,1,600,,NA,325000
Long Beach,Condo/Twh,1,1,1,607,,NA,150000
Long Beach,Condo/Twh,1,1,1,613,,NA,119000
Long Beach,Condo/Twh,1,1,1,632,,NA,129000
Long Beach,Condo/Twh,1,1,1,660,,NA,110000
Long Beach,Condo/Twh,1,1,1,660,,NA,112900
Long Beach,Condo/Twh,1,1,1,661,,NA,150000
Long Beach,Condo/Twh,1,1,1,672,,NA,379995
Long Beach,Condo/Twh,1,1,1,680,,NA,204900
Long Beach,Condo/Twh,1,1,1,680,,NA,235000
Long Beach,Condo/Twh,1,1,1,680,,NA,239000
Long Beach,Condo/Twh,1,1,1,680,,NA,249000
Long Beach,Condo/Twh,1,1,1,680,,NA,249900
Long Beach,Condo/Twh,1,1,1,680,,NA,250000
Long Beach,Condo/Twh,1,1,1,681,,NA,320000
Long Beach,Condo/Twh,1,1,1,683,,NA,119000
Long Beach,Condo/Twh,1,1,1,686,,NA,119500
Long Beach,Condo/Twh,1,1,1,686,,NA,189000
Long Beach,Condo/Twh,1,1,1,687,,NA,125000
Long Beach,Condo/Twh,1,1,1,693,,NA,230000
Long Beach,Condo/Twh,1,1,1,693,,NA,245000
Long Beach,Condo/Twh,1,1,1,698,,NA,175000
Long Beach,Condo/Twh,1,1,1,703,,NA,374000
Long Beach,Condo/Twh,1,1,1,707,,NA,130000
Long Beach,Condo/Twh,1,1,1,719,,NA,359000
Long Beach,Condo/Twh,1,1,1,732,,NA,248900
Long Beach,Condo/Twh,1,1,1,739,,NA,249500
Long Beach,Condo/Twh,1,1,1,741,,NA,319990
Long Beach,Condo/Twh,1,1,1,754,,NA,1.00E+05
Long Beach,Condo/Twh,1,1,1,789,,NA,309000
Long Beach,Condo/Twh,1,1,1,792,,NA,428900
Long Beach,Condo/Twh,1,1,1,816,,NA,224900
Long Beach,Condo/Twh,1,1,1,825,,NA,230000
Long Beach,Condo/Twh,1,1,1,832,,NA,125000
Long Beach,Condo/Twh,1,1,1,833,,NA,189000
Long Beach,Condo/Twh,1,1,1,846,,NA,325000
Long Beach,Condo/Twh,1,1,1,873,,NA,224000
Long Beach,Condo/Twh,1,1,1,875,,NA,229000
Long Beach,Condo/Twh,1,1,1,890,,NA,150000
Long Beach,Condo/Twh,1,1,1,938,,NA,249900
Long Beach,Condo/Twh,1,1,1,1000,,NA,345000
Long Beach,Condo/Twh,1,1,1,1020,,NA,279900
Long Beach,Condo/Twh,1,1,1,1400,,NA,299000
Long Beach,Condo/Twh,1,1,2,624,,NA,109000
Long Beach,Condo/Twh,1,1,2,693,Y,NA,240000
Long Beach,Condo/Twh,1,1,2,736,,NA,458000
Long Beach,Condo/Twh,1,1,2,750,,NA,480000
Long Beach,Condo/Twh,1,1,2,793,,NA,119900
Long Beach,Condo/Twh,1,1,2,926,,NA,269000
Long Beach,Condo/Twh,1,1,2,926,,NA,270000
Long Beach,Condo/Twh,1,1,2,926,,NA,324000
Long Beach,Condo/Twh,1,1.5,,1620,,NA,399900
Long Beach,Condo/Twh,1,2,,880,,NA,279000
Long Beach,Condo/Twh,1,2,,950,,NA,240000
Long Beach,Condo/Twh,1,2,,952,,NA,250000
Long Beach,Condo/Twh,1,2,,1017,,NA,279000
Long Beach,Condo/Twh,1,2,,1047,,NA,309900
Long Beach,Condo/Twh,1,2,1,584,,NA,110000
Long Beach,Condo/Twh,1,2,1,731,,NA,222000
Long Beach,Condo/Twh,1,2,1,791,,NA,275000
Long Beach,Condo/Twh,1,2,1,853,,NA,139000
Long Beach,Condo/Twh,1,2,1,880,,NA,299900
Long Beach,Condo/Twh,1,2,2,880,,NA,309000
Long Beach,Condo/Twh,1,2,2,1044,,NA,184900
Long Beach,Condo/Twh,1,3,,1570,,NA,325000
Long Beach,Condo/Twh,2,1,,760,,NA,199900
Long Beach,Condo/Twh,2,1,,769,,NA,199000
Long Beach,Condo/Twh,2,1,,779,,NA,250000
Long Beach,Condo/Twh,2,1,,849,,NA,185000
Long Beach,Condo/Twh,2,1,,860,,NA,159000
Long Beach,Condo/Twh,2,1,1,779,,NA,109000
Long Beach,Condo/Twh,2,1,1,800,,NA,119000
Long Beach,Condo/Twh,2,1,1,806,,NA,179000
Long Beach,Condo/Twh,2,1,1,830,,NA,174900
Long Beach,Condo/Twh,2,1,1,840,,NA,350000
Long Beach,Condo/Twh,2,1,1,879,,NA,205000
Long Beach,Condo/Twh,2,1,1,892,,NA,150000
Long Beach,Condo/Twh,2,1,1,906,,NA,195000
Long Beach,Condo/Twh,2,1,1,910,,NA,297000
Long Beach,Condo/Twh,2,1,1,941,,NA,285000
Long Beach,Condo/Twh,2,1,2,859,,NA,199000
Long Beach,Condo/Twh,2,1,2,860,,NA,225000
Long Beach,Condo/Twh,2,1,2,957,,NA,348000
Long Beach,Condo/Twh,2,1,2,1291,,NA,399000
Long Beach,Condo/Twh,2,2,,680,,NA,106000
Long Beach,Condo/Twh,2,2,,680,,NA,129900
Long Beach,Condo/Twh,2,2,,690,,NA,120000
Long Beach,Condo/Twh,2,2,,720,,NA,137900
Long Beach,Condo/Twh,2,2,,777,,NA,134900
Long Beach,Condo/Twh,2,2,,780,,NA,149900
Long Beach,Condo/Twh,2,2,,786,,NA,174900
Long Beach,Condo/Twh,2,2,,830,,NA,144900
Long Beach,Condo/Twh,2,2,,838,,NA,225000
Long Beach,Condo/Twh,2,2,,840,,NA,161000
Long Beach,Condo/Twh,2,2,,840,,NA,169000
Long Beach,Condo/Twh,2,2,,850,,NA,139900
Long Beach,Condo/Twh,2,2,,865,,NA,350000
Long Beach,Condo/Twh,2,2,,877,,NA,125000
Long Beach,Condo/Twh,2,2,,892,,NA,179000
Long Beach,Condo/Twh,2,2,,903,,NA,169900
Long Beach,Condo/Twh,2,2,,920,,NA,129000
Long Beach,Condo/Twh,2,2,,920,,NA,135000
Long Beach,Condo/Twh,2,2,,940,,NA,159000
Long Beach,Condo/Twh,2,2,,960,,NA,129000
Long Beach,Condo/Twh,2,2,,990,,NA,169000
Long Beach,Condo/Twh,2,2,,1020,,NA,160000
Long Beach,Condo/Twh,2,2,,1047,,NA,334900
Long Beach,Condo/Twh,2,2,,1080,,NA,329000
Long Beach,Condo/Twh,2,2,,1080,,NA,729000
Long Beach,Condo/Twh,2,2,,1146,,NA,175000
Long Beach,Condo/Twh,2,2,,1171,,NA,249900
Long Beach,Condo/Twh,2,2,,1184,,NA,279900
Long Beach,Condo/Twh,2,2,,1198,,NA,223100
Long Beach,Condo/Twh,2,2,,1251,,NA,231900
Long Beach,Condo/Twh,2,2,,1253,,NA,315000
Long Beach,Condo/Twh,2,2,,1264,,NA,1150000
Long Beach,Condo/Twh,2,2,,1340,,NA,5.00E+05
Long Beach,Condo/Twh,2,2,,1590,,NA,699000
Long Beach,Condo/Twh,2,2,1,750,,NA,219900
Long Beach,Condo/Twh,2,2,1,751,,NA,145000
Long Beach,Condo/Twh,2,2,1,751,,NA,147900
Long Beach,Condo/Twh,2,2,1,782,,NA,130000
Long Beach,Condo/Twh,2,2,1,794,,NA,275000
Long Beach,Condo/Twh,2,2,1,800,,NA,175000
Long Beach,Condo/Twh,2,2,1,827,,NA,119900
Long Beach,Condo/Twh,2,2,1,830,,NA,239000
Long Beach,Condo/Twh,2,2,1,842,,NA,120000
Long Beach,Condo/Twh,2,2,1,856,,NA,210000
Long Beach,Condo/Twh,2,2,1,880,,NA,139000
Long Beach,Condo/Twh,2,2,1,898,,NA,154900
Long Beach,Condo/Twh,2,2,1,909,,NA,109000
Long Beach,Condo/Twh,2,2,1,909,,NA,289000
Long Beach,Condo/Twh,2,2,1,913,,NA,220000
Long Beach,Condo/Twh,2,2,1,920,,NA,219182
Long Beach,Condo/Twh,2,2,1,923,,NA,194900
Long Beach,Condo/Twh,2,2,1,937,,NA,169000
Long Beach,Condo/Twh,2,2,1,942,,NA,110000
Long Beach,Condo/Twh,2,2,1,954,,NA,250000
Long Beach,Condo/Twh,2,2,1,954,,NA,349000
Long Beach,Condo/Twh,2,2,1,956,,NA,182000
Long Beach,Condo/Twh,2,2,1,960,,NA,399900
Long Beach,Condo/Twh,2,2,1,961,,NA,379990
Long Beach,Condo/Twh,2,2,1,982,,NA,175000
Long Beach,Condo/Twh,2,2,1,990,,NA,359000
Long Beach,Condo/Twh,2,2,1,1010,,NA,159900
Long Beach,Condo/Twh,2,2,1,1014,,NA,155000
Long Beach,Condo/Twh,2,2,1,1016,,NA,185000
Long Beach,Condo/Twh,2,2,1,1018,,NA,395000
Long Beach,Condo/Twh,2,2,1,1035,,NA,529900
Long Beach,Condo/Twh,2,2,1,1040,,NA,599000
Long Beach,Condo/Twh,2,2,1,1045,,NA,260000
Long Beach,Condo/Twh,2,2,1,1060,,NA,549000
Long Beach,Condo/Twh,2,2,1,1074,,NA,280000
Long Beach,Condo/Twh,2,2,1,1076,,NA,309000
Long Beach,Condo/Twh,2,2,1,1080,,NA,279000
Long Beach,Condo/Twh,2,2,1,1080,,NA,648800
Long Beach,Condo/Twh,2,2,1,1081,,NA,290000
Long Beach,Condo/Twh,2,2,1,1116,,NA,580000
Long Beach,Condo/Twh,2,2,1,1156,,NA,299000
Long Beach,Condo/Twh,2,2,1,1158,,NA,435000
Long Beach,Condo/Twh,2,2,1,1178,,NA,309900
Long Beach,Condo/Twh,2,2,1,1192,,NA,225000
Long Beach,Condo/Twh,2,2,1,1274,,NA,449000
Long Beach,Condo/Twh,2,2,1,1300,,NA,895000
Long Beach,Condo/Twh,2,2,1,1325,,NA,389700
Long Beach,Condo/Twh,2,2,1,1360,,NA,379000
Long Beach,Condo/Twh,2,2,1,1410,,NA,385000
Long Beach,Condo/Twh,2,2,1,1413,,NA,769000
Long Beach,Condo/Twh,2,2,1,1510,,NA,469000
Long Beach,Condo/Twh,2,2,1,1510,,NA,555000
Long Beach,Condo/Twh,2,2,1,1510,,NA,559000
Long Beach,Condo/Twh,2,2,2,680,,NA,120000
Long Beach,Condo/Twh,2,2,2,680,,NA,124900
Long Beach,Condo/Twh,2,2,2,680,,NA,125000
Long Beach,Condo/Twh,2,2,2,784,,NA,199000
Long Beach,Condo/Twh,2,2,2,820,,NA,1.00E+05
Long Beach,Condo/Twh,2,2,2,820,,NA,165000
Long Beach,Condo/Twh,2,2,2,827,,NA,129900
Long Beach,Condo/Twh,2,2,2,834,,NA,199000
Long Beach,Condo/Twh,2,2,2,840,,NA,160000
Long Beach,Condo/Twh,2,2,2,840,,NA,170000
Long Beach,Condo/Twh,2,2,2,860,,NA,139900
Long Beach,Condo/Twh,2,2,2,860,,NA,209900
Long Beach,Condo/Twh,2,2,2,869,,NA,2.00E+05
Long Beach,Condo/Twh,2,2,2,880,,NA,275000
Long Beach,Condo/Twh,2,2,2,888,,NA,235128
Long Beach,Condo/Twh,2,2,2,892,,NA,180000
Long Beach,Condo/Twh,2,2,2,898,,NA,160000
Long Beach,Condo/Twh,2,2,2,902,,NA,175000
Long Beach,Condo/Twh,2,2,2,904,,NA,185000
Long Beach,Condo/Twh,2,2,2,906,,NA,189000
Long Beach,Condo/Twh,2,2,2,910,,NA,137900
Long Beach,Condo/Twh,2,2,2,913,,NA,159000
Long Beach,Condo/Twh,2,2,2,913,,NA,2.00E+05
Long Beach,Condo/Twh,2,2,2,920,,NA,185000
Long Beach,Condo/Twh,2,2,2,920,,NA,255000
Long Beach,Condo/Twh,2,2,2,930,,NA,156800
Long Beach,Condo/Twh,2,2,2,930,,NA,169000
Long Beach,Condo/Twh,2,2,2,930,,NA,225000
Long Beach,Condo/Twh,2,2,2,930,,NA,225000
Long Beach,Condo/Twh,2,2,2,954,,NA,260000
Long Beach,Condo/Twh,2,2,2,957,,NA,195000
Long Beach,Condo/Twh,2,2,2,957,,NA,280000
Long Beach,Condo/Twh,2,2,2,960,,NA,169900
Long Beach,Condo/Twh,2,2,2,960,,NA,265000
Long Beach,Condo/Twh,2,2,2,961,,NA,189900
Long Beach,Condo/Twh,2,2,2,978,,NA,180000
Long Beach,Condo/Twh,2,2,2,985,,NA,255000
Long Beach,Condo/Twh,2,2,2,990,,NA,159000
Long Beach,Condo/Twh,2,2,2,1000,,NA,230000
Long Beach,Condo/Twh,2,2,2,1000,,NA,425000
Long Beach,Condo/Twh,2,2,2,1014,,NA,155000
Long Beach,Condo/Twh,2,2,2,1014,,NA,169000
Long Beach,Condo/Twh,2,2,2,1015,,NA,185000
Long Beach,Condo/Twh,2,2,2,1020,,NA,449000
Long Beach,Condo/Twh,2,2,2,1020,,NA,629900
Long Beach,Condo/Twh,2,2,2,1022,,NA,289000
Long Beach,Condo/Twh,2,2,2,1023,,NA,188000
Long Beach,Condo/Twh,2,2,2,1028,,NA,311900
Long Beach,Condo/Twh,2,2,2,1028,,NA,314900
Long Beach,Condo/Twh,2,2,2,1028,,NA,330000
Long Beach,Condo/Twh,2,2,2,1029,,NA,359000
Long Beach,Condo/Twh,2,2,2,1040,,NA,343000
Long Beach,Condo/Twh,2,2,2,1048,,NA,179800
Long Beach,Condo/Twh,2,2,2,1049,,NA,175000
Long Beach,Condo/Twh,2,2,2,1050,,NA,225000
Long Beach,Condo/Twh,2,2,2,1052,,NA,345000
Long Beach,Condo/Twh,2,2,2,1053,,NA,225000
Long Beach,Condo/Twh,2,2,2,1065,,NA,230000
Long Beach,Condo/Twh,2,2,2,1070,,NA,290000
Long Beach,Condo/Twh,2,2,2,1070,,NA,360000
Long Beach,Condo/Twh,2,2,2,1070,,NA,435000
Long Beach,Condo/Twh,2,2,2,1070,,NA,479900
Long Beach,Condo/Twh,2,2,2,1079,,NA,249900
Long Beach,Condo/Twh,2,2,2,1080,,NA,356001
Long Beach,Condo/Twh,2,2,2,1098,,NA,325000
Long Beach,Condo/Twh,2,2,2,1100,,NA,235000
Long Beach,Condo/Twh,2,2,2,1121,,NA,325000
Long Beach,Condo/Twh,2,2,2,1146,,NA,340000
Long Beach,Condo/Twh,2,2,2,1151,,NA,299500
Long Beach,Condo/Twh,2,2,2,1155,,NA,219900
Long Beach,Condo/Twh,2,2,2,1160,,NA,349000
Long Beach,Condo/Twh,2,2,2,1200,,NA,385110
Long Beach,Condo/Twh,2,2,2,1206,,NA,379000
Long Beach,Condo/Twh,2,2,2,1217,,NA,390000
Long Beach,Condo/Twh,2,2,2,1227,,NA,369900
Long Beach,Condo/Twh,2,2,2,1231,,NA,310000
Long Beach,Condo/Twh,2,2,2,1251,,NA,639900
Long Beach,Condo/Twh,2,2,2,1286,,NA,159900
Long Beach,Condo/Twh,2,2,2,1313,,NA,527000
Long Beach,Condo/Twh,2,2,2,1333,,NA,250000
Long Beach,Condo/Twh,2,2,2,1340,,NA,621500
Long Beach,Condo/Twh,2,2,2,1400,,NA,375000
Long Beach,Condo/Twh,2,2,2,1400,,NA,457500
Long Beach,Condo/Twh,2,2,2,1400,,NA,519900
Long Beach,Condo/Twh,2,2,2,1443,,NA,988000
Long Beach,Condo/Twh,2,2,2,1509,,NA,439000
Long Beach,Condo/Twh,2,2,2,1540,,NA,895000
Long Beach,Condo/Twh,2,2,2,1542,,NA,699000
Long Beach,Condo/Twh,2,2,2,1542,,NA,735000
Long Beach,Condo/Twh,2,2,2,1619,,NA,369990
Long Beach,Condo/Twh,2,2.5,,1332,,NA,389900
Long Beach,Condo/Twh,2,3,,979,,NA,175000
Long Beach,Condo/Twh,2,3,1,1206,,NA,395000
Long Beach,Condo/Twh,2,3,1,1300,,NA,875000
Long Beach,Condo/Twh,2,3,1,1300,,NA,875000
Long Beach,Condo/Twh,2,3,2,949,,NA,195000
Long Beach,Condo/Twh,2,3,2,1020,,NA,230000
Long Beach,Condo/Twh,2,3,2,1056,,NA,199000
Long Beach,Condo/Twh,2,3,2,1284,,NA,372000
Long Beach,Condo/Twh,2,3,2,1290,,NA,375000
Long Beach,Condo/Twh,2,3,2,1290,,NA,399900
Long Beach,Condo/Twh,2,3,2,1293,,NA,179999
Long Beach,Condo/Twh,2,3,2,1320,,NA,371000
Long Beach,Condo/Twh,2,3,2,1391,,NA,299000
Long Beach,Condo/Twh,2,3,2,1474,,NA,4.00E+05
Long Beach,Condo/Twh,2,3,2,1700,,NA,599000
Long Beach,Condo/Twh,2,3,2,1741,,NA,849000
Long Beach,Condo/Twh,2,3,2,2000,,NA,995000
Long Beach,Condo/Twh,2,3,2,3055,,NA,2100000
Long Beach,Condo/Twh,3,2,,1260,,NA,325000
Long Beach,Condo/Twh,3,2,,1310,,NA,335000
Long Beach,Condo/Twh,3,2,,1638,,NA,459900
Long Beach,Condo/Twh,3,2,,1724,,NA,549000
Long Beach,Condo/Twh,3,2,1,1102,,NA,327000
Long Beach,Condo/Twh,3,2,1,1122,,NA,348000
Long Beach,Condo/Twh,3,2,1,1406,,NA,439000
Long Beach,Condo/Twh,3,2,1,1484,,NA,529000
Long Beach,Condo/Twh,3,2,1,1910,,NA,395000
Long Beach,Condo/Twh,3,2,2,1040,,NA,255000
Long Beach,Condo/Twh,3,2,2,1120,,NA,339000
Long Beach,Condo/Twh,3,2,2,1158,,NA,3.00E+05
Long Beach,Condo/Twh,3,2,2,1260,,NA,419000
Long Beach,Condo/Twh,3,2,2,1260,,NA,649000
Long Beach,Condo/Twh,3,2,2,1260,,NA,699500
Long Beach,Condo/Twh,3,2,2,1282,,NA,799000
Long Beach,Condo/Twh,3,2,2,1319,,NA,589000
Long Beach,Condo/Twh,3,2,2,1340,,NA,1150000
Long Beach,Condo/Twh,3,2,2,1380,,NA,349000
Long Beach,Condo/Twh,3,2,2,1400,,NA,559000
Long Beach,Condo/Twh,3,2,2,1425,,NA,899000
Long Beach,Condo/Twh,3,2,2,1551,,NA,649990
Long Beach,Condo/Twh,3,2,2,1551,,NA,995000
Long Beach,Condo/Twh,3,2,2,1551,,NA,1100000
Long Beach,Condo/Twh,3,2,2,1558,,NA,564500
Long Beach,Condo/Twh,3,2,2,1592,,NA,579900
Long Beach,Condo/Twh,3,2,2,1652,,NA,1165000
Long Beach,Condo/Twh,3,2,2,1957,,NA,315000
Long Beach,Condo/Twh,3,2.5,,1436,,NA,319000
Long Beach,Condo/Twh,3,3,,1640,,NA,338000
Long Beach,Condo/Twh,3,3,,2360,,NA,685000
Long Beach,Condo/Twh,3,3,2,1519,,NA,149900
Long Beach,Condo/Twh,3,3,2,1728,,NA,539000
Long Beach,Condo/Twh,3,3,2,1728,,NA,619000
Long Beach,Condo/Twh,3,3,2,1735,,NA,1300000
Long Beach,Condo/Twh,3,3,2,1748,,NA,995000
Long Beach,Condo/Twh,3,3,2,1800,,NA,450000
Long Beach,Condo/Twh,3,3,2,1800,,NA,1250000
Long Beach,Condo/Twh,3,3,2,2068,,NA,645000
Long Beach,Condo/Twh,3,3,2,2220,,NA,899000
Long Beach,Condo/Twh,3,3,2,2350,,NA,1049000
Long Beach,Condo/Twh,3,3,2,3290,,NA,1999999
Long Beach,Condo/Twh,3,3,2,3490,,NA,1850000
Long Beach,Condo/Twh,3,4,2,2026,,NA,450000
Long Beach,Condo/Twh,4,2,,1090,,NA,147500
Long Beach,Condo/Twh,4,3,2,2043,,NA,475000
Long Beach,Condo/Twh,4,3,2,2078,,NA,495000
Long Beach,Condo/Twh,4,4,2,2068,,NA,770000
Long Beach,SFR,1,1,,578,,NA,157290
Long Beach,SFR,1,1,,606,,NA,140000
Long Beach,SFR,1,1,,608,,NA,132500
Long Beach,SFR,1,1,,646,,NA,140000
Long Beach,SFR,1,1,,746,,NA,152000
Long Beach,SFR,1,1,1,528,,NA,154900
Long Beach,SFR,1,1,1,549,,NA,439900
Long Beach,SFR,1,1,1,624,,NA,131900
Long Beach,SFR,1,1,1,681,,NA,210000
Long Beach,SFR,1,1,1,888,,NA,409000
Long Beach,SFR,2,1,,560,,NA,115000
Long Beach,SFR,2,1,,638,,NA,149000
Long Beach,SFR,2,1,,706,,NA,224900
Long Beach,SFR,2,1,,714,,NA,119900
Long Beach,SFR,2,1,,714,,NA,185000
Long Beach,SFR,2,1,,722,,NA,195000
Long Beach,SFR,2,1,,771,,NA,220000
Long Beach,SFR,2,1,,810,,NA,299000
Long Beach,SFR,2,1,,814,,NA,244900
Long Beach,SFR,2,1,,825,,NA,189000
Long Beach,SFR,2,1,,825,,NA,230000
Long Beach,SFR,2,1,,825,,NA,240000
Long Beach,SFR,2,1,,848,,NA,336000
Long Beach,SFR,2,1,,856,,NA,120000
Long Beach,SFR,2,1,,914,,NA,210000
Long Beach,SFR,2,1,,968,,NA,599900
Long Beach,SFR,2,1,,1044,,NA,390000
Long Beach,SFR,2,1,,1047,,NA,246900
Long Beach,SFR,2,1,,1048,,NA,250000
Long Beach,SFR,2,1,,1556,,NA,526000
Long Beach,SFR,2,1,1,648,,NA,149900
Long Beach,SFR,2,1,1,655,,NA,139900
Long Beach,SFR,2,1,1,672,,NA,125000
Long Beach,SFR,2,1,1,744,,NA,209000
Long Beach,SFR,2,1,1,764,,NA,149900
Long Beach,SFR,2,1,1,766,,NA,2.00E+05
Long Beach,SFR,2,1,1,796,,NA,150000
Long Beach,SFR,2,1,1,800,,NA,209000
Long Beach,SFR,2,1,1,800,,NA,220000
Long Beach,SFR,2,1,1,804,,NA,389000
Long Beach,SFR,2,1,1,815,,NA,130000
Long Beach,SFR,2,1,1,816,,NA,219850
Long Beach,SFR,2,1,1,825,,NA,129000
Long Beach,SFR,2,1,1,829,,NA,260000
Long Beach,SFR,2,1,1,850,,NA,210000
Long Beach,SFR,2,1,1,852,,NA,130000
Long Beach,SFR,2,1,1,856,,NA,180000
Long Beach,SFR,2,1,1,864,,NA,209900
Long Beach,SFR,2,1,1,864,,NA,450000
Long Beach,SFR,2,1,1,868,,NA,280000
Long Beach,SFR,2,1,1,870,,NA,159000
Long Beach,SFR,2,1,1,884,,NA,154300
Long Beach,SFR,2,1,1,888,,NA,220000
Long Beach,SFR,2,1,1,892,,NA,369900
Long Beach,SFR,2,1,1,908,,NA,4.00E+05
Long Beach,SFR,2,1,1,938,,NA,190000
Long Beach,SFR,2,1,1,940,,NA,399000
Long Beach,SFR,2,1,1,954,,NA,275000
Long Beach,SFR,2,1,1,959,,NA,649990
Long Beach,SFR,2,1,1,960,,NA,315000
Long Beach,SFR,2,1,1,982,,NA,268900
Long Beach,SFR,2,1,1,1062,,NA,199000
Long Beach,SFR,2,1,1,1068,,NA,169900
Long Beach,SFR,2,1,1,1090,,NA,180000
Long Beach,SFR,2,1,1,1104,,NA,165000
Long Beach,SFR,2,1,1,1134,,NA,3.00E+05
Long Beach,SFR,2,1,1,1176,,NA,290000
Long Beach,SFR,2,1,1,1180,,NA,549000
Long Beach,SFR,2,1,1,1200,,NA,749000
Long Beach,SFR,2,1,1,1317,,NA,215000
Long Beach,SFR,2,1,1,1444,,NA,195000
Long Beach,SFR,2,1,2,672,,NA,185000
Long Beach,SFR,2,1,2,696,,NA,269900
Long Beach,SFR,2,1,2,704,,NA,180000
Long Beach,SFR,2,1,2,720,,NA,160000
Long Beach,SFR,2,1,2,724,,NA,190000
Long Beach,SFR,2,1,2,750,,NA,175000
Long Beach,SFR,2,1,2,756,,NA,195000
Long Beach,SFR,2,1,2,760,,NA,219900
Long Beach,SFR,2,1,2,768,,NA,199000
Long Beach,SFR,2,1,2,789,,NA,225000
Long Beach,SFR,2,1,2,803,,NA,220000
Long Beach,SFR,2,1,2,808,,NA,389000
Long Beach,SFR,2,1,2,812,,NA,229900
Long Beach,SFR,2,1,2,842,,NA,135000
Long Beach,SFR,2,1,2,858,,NA,469900
Long Beach,SFR,2,1,2,861,,NA,299999
Long Beach,SFR,2,1,2,863,,NA,345000
Long Beach,SFR,2,1,2,874,,NA,149999
Long Beach,SFR,2,1,2,887,,NA,399900
Long Beach,SFR,2,1,2,887,,NA,459000
Long Beach,SFR,2,1,2,894,,NA,180000
Long Beach,SFR,2,1,2,900,,NA,260000
Long Beach,SFR,2,1,2,903,,NA,209900
Long Beach,SFR,2,1,2,908,,NA,245000
Long Beach,SFR,2,1,2,914,,NA,189000
Long Beach,SFR,2,1,2,916,,NA,260000
Long Beach,SFR,2,1,2,928,,NA,135000
Long Beach,SFR,2,1,2,928,,NA,199000
Long Beach,SFR,2,1,2,929,,NA,386900
Long Beach,SFR,2,1,2,935,,NA,259000
Long Beach,SFR,2,1,2,940,,NA,289000
Long Beach,SFR,2,1,2,948,,NA,215000
Long Beach,SFR,2,1,2,952,,NA,199000
Long Beach,SFR,2,1,2,956,,NA,389990
Long Beach,SFR,2,1,2,957,,NA,350000
Long Beach,SFR,2,1,2,960,,NA,199000
Long Beach,SFR,2,1,2,967,,NA,209800
Long Beach,SFR,2,1,2,976,,NA,275000
Long Beach,SFR,2,1,2,986,,NA,229900
Long Beach,SFR,2,1,2,988,,NA,155000
Long Beach,SFR,2,1,2,998,,NA,477900
Long Beach,SFR,2,1,2,999,,NA,349900
Long Beach,SFR,2,1,2,1000,,NA,156750
Long Beach,SFR,2,1,2,1012,,NA,425000
Long Beach,SFR,2,1,2,1030,,NA,320000
Long Beach,SFR,2,1,2,1030,,NA,379000
Long Beach,SFR,2,1,2,1036,,NA,310000
Long Beach,SFR,2,1,2,1042,,NA,299000
Long Beach,SFR,2,1,2,1060,,NA,260000
Long Beach,SFR,2,1,2,1064,,NA,299000
Long Beach,SFR,2,1,2,1092,,NA,419900
Long Beach,SFR,2,1,2,1093,,NA,240000
Long Beach,SFR,2,1,2,1098,,NA,250000
Long Beach,SFR,2,1,2,1116,,NA,350000
Long Beach,SFR,2,1,2,1121,,NA,259900
Long Beach,SFR,2,1,2,1122,,NA,499900
Long Beach,SFR,2,1,2,1128,,NA,429000
Long Beach,SFR,2,1,2,1138,,NA,296900
Long Beach,SFR,2,1,2,1140,,NA,289000
Long Beach,SFR,2,1,2,1149,,NA,330000
Long Beach,SFR,2,1,2,1176,,NA,434000
Long Beach,SFR,2,1,2,1178,,NA,340000
Long Beach,SFR,2,1,2,1182,,NA,249999
Long Beach,SFR,2,1,2,1200,,NA,349900
Long Beach,SFR,2,1,2,1210,,NA,187900
Long Beach,SFR,2,1,2,1247,,NA,449999
Long Beach,SFR,2,1,2,1250,,NA,1049900
Long Beach,SFR,2,1,2,1262,,NA,649900
Long Beach,SFR,2,1,2,1341,,NA,270000
Long Beach,SFR,2,1,2,1394,,NA,449000
Long Beach,SFR,2,1,2,1400,,NA,349999
Long Beach,SFR,2,2,,960,,NA,249000
Long Beach,SFR,2,2,,968,,NA,180000
Long Beach,SFR,2,2,,972,,NA,195000
Long Beach,SFR,2,2,,1044,,NA,529000
Long Beach,SFR,2,2,,1164,,NA,235000
Long Beach,SFR,2,2,,1375,,NA,205000
Long Beach,SFR,2,2,1,618,,NA,119000
Long Beach,SFR,2,2,1,775,,NA,149900
Long Beach,SFR,2,2,1,850,,NA,425000
Long Beach,SFR,2,2,1,864,,NA,455000
Long Beach,SFR,2,2,1,1066,Y,NA,219000
Long Beach,SFR,2,2,1,1082,,NA,210000
Long Beach,SFR,2,2,1,1115,,NA,169000
Long Beach,SFR,2,2,1,1147,,NA,749000
Long Beach,SFR,2,2,1,1186,,NA,649900
Long Beach,SFR,2,2,1,1188,,NA,380000
Long Beach,SFR,2,2,1,1189,,NA,299000
Long Beach,SFR,2,2,1,1274,,NA,234600
Long Beach,SFR,2,2,1,1303,,NA,304900
Long Beach,SFR,2,2,1,1464,,NA,225000
Long Beach,SFR,2,2,1,1600,,NA,875000
Long Beach,SFR,2,2,1,1738,,NA,769000
Long Beach,SFR,2,2,2,924,,NA,189000
Long Beach,SFR,2,2,2,936,,NA,369000
Long Beach,SFR,2,2,2,955,,NA,220000
Long Beach,SFR,2,2,2,1002,,NA,349000
Long Beach,SFR,2,2,2,1013,,NA,279900
Long Beach,SFR,2,2,2,1124,,NA,458000
Long Beach,SFR,2,2,2,1135,Y,NA,325000
Long Beach,SFR,2,2,2,1176,,NA,330000
Long Beach,SFR,2,2,2,1216,,NA,410000
Long Beach,SFR,2,2,2,1303,,NA,1498000
Long Beach,SFR,2,2,2,1312,,NA,450000
Long Beach,SFR,2,2,2,1341,,NA,319900
Long Beach,SFR,2,2,2,1380,,NA,735000
Long Beach,SFR,2,2,2,1394,,NA,575000
Long Beach,SFR,2,2,2,1419,,NA,260900
Long Beach,SFR,2,2,2,1430,,NA,442000
Long Beach,SFR,2,2,2,1488,,NA,408000
Long Beach,SFR,2,2,2,1493,,NA,574900
Long Beach,SFR,2,2,2,1581,,NA,280000
Long Beach,SFR,2,2,2,1666,,NA,349000
Long Beach,SFR,2,3,1,1126,,NA,270000
Long Beach,SFR,2,3,1,2056,,NA,875000
Long Beach,SFR,2,3,2,1816,,NA,459000
Long Beach,SFR,2,3,2,2148,,NA,524900
Long Beach,SFR,3,1,,707,,NA,180000
Long Beach,SFR,3,1,,951,,NA,5.00E+05
Long Beach,SFR,3,1,,956,,NA,174800
Long Beach,SFR,3,1,,1000,,NA,193100
Long Beach,SFR,3,1,,1012,,NA,361000
Long Beach,SFR,3,1,,1068,,NA,144900
Long Beach,SFR,3,1,,1165,,NA,199900
Long Beach,SFR,3,1,,1298,,NA,229000
Long Beach,SFR,3,1,1,820,,NA,239000
Long Beach,SFR,3,1,1,849,,NA,190000
Long Beach,SFR,3,1,1,902,,NA,435000
Long Beach,SFR,3,1,1,918,,NA,159900
Long Beach,SFR,3,1,1,1000,,NA,539000
Long Beach,SFR,3,1,1,1002,,NA,230000
Long Beach,SFR,3,1,1,1056,,NA,240000
Long Beach,SFR,3,1,1,1098,,NA,219900
Long Beach,SFR,3,1,1,1122,,NA,225000
Long Beach,SFR,3,1,1,1205,,NA,439000
Long Beach,SFR,3,1,1,1330,,NA,279000
Long Beach,SFR,3,1,1,1368,,NA,255000
Long Beach,SFR,3,1,1,1500,,NA,275000
Long Beach,SFR,3,1,2,946,,NA,395000
Long Beach,SFR,3,1,2,960,,NA,174900
Long Beach,SFR,3,1,2,964,,NA,275000
Long Beach,SFR,3,1,2,966,,NA,190000
Long Beach,SFR,3,1,2,972,,NA,330000
Long Beach,SFR,3,1,2,980,,NA,409999
Long Beach,SFR,3,1,2,990,,NA,275000
Long Beach,SFR,3,1,2,1003,,NA,390000
Long Beach,SFR,3,1,2,1003,,NA,390000
Long Beach,SFR,3,1,2,1004,,NA,380000
Long Beach,SFR,3,1,2,1005,,NA,320000
Long Beach,SFR,3,1,2,1007,,NA,3.00E+05
Long Beach,SFR,3,1,2,1008,,NA,240000
Long Beach,SFR,3,1,2,1009,,NA,439900
Long Beach,SFR,3,1,2,1030,,NA,409000
Long Beach,SFR,3,1,2,1038,,NA,270000
Long Beach,SFR,3,1,2,1040,,NA,199900
Long Beach,SFR,3,1,2,1055,,NA,449000
Long Beach,SFR,3,1,2,1064,,NA,235000
Long Beach,SFR,3,1,2,1082,,NA,249900
Long Beach,SFR,3,1,2,1089,,NA,240000
Long Beach,SFR,3,1,2,1100,,NA,289000
Long Beach,SFR,3,1,2,1152,,NA,190000
Long Beach,SFR,3,1,2,1189,,NA,297198
Long Beach,SFR,3,1,2,1202,,NA,275000
Long Beach,SFR,3,1,2,1226,,NA,210000
Long Beach,SFR,3,1,2,1232,,NA,445000
Long Beach,SFR,3,1,2,1243,,NA,610900
Long Beach,SFR,3,1,2,1276,,NA,280000
Long Beach,SFR,3,1,2,1276,,NA,562900
Long Beach,SFR,3,1,2,1339,,NA,549000
Long Beach,SFR,3,1,2,1359,,NA,399900
Long Beach,SFR,3,1,2,1365,,NA,495000
Long Beach,SFR,3,1,2,1400,,NA,250000
Long Beach,SFR,3,1,2,1453,,NA,319900
Long Beach,SFR,3,1,2,1500,,NA,225000
Long Beach,SFR,3,1,2,1720,,NA,429900
Long Beach,SFR,3,2,,899,,NA,235000
Long Beach,SFR,3,2,,914,,NA,212900
Long Beach,SFR,3,2,,1040,,NA,180000
Long Beach,SFR,3,2,,1102,,NA,298000
Long Beach,SFR,3,2,,1209,,NA,229900
Long Beach,SFR,3,2,,1312,,NA,313900
Long Beach,SFR,3,2,,1395,,NA,245000
Long Beach,SFR,3,2,,1400,,NA,325000
Long Beach,SFR,3,2,,1509,,NA,399000
Long Beach,SFR,3,2,,1558,,NA,245000
Long Beach,SFR,3,2,,1560,,NA,193050
Long Beach,SFR,3,2,,1624,,NA,269500
Long Beach,SFR,3,2,,1900,,NA,365000
Long Beach,SFR,3,2,1,845,,NA,230000
Long Beach,SFR,3,2,1,870,,NA,189900
Long Beach,SFR,3,2,1,960,,NA,154900
Long Beach,SFR,3,2,1,1045,,NA,252000
Long Beach,SFR,3,2,1,1074,,NA,417000
Long Beach,SFR,3,2,1,1100,,NA,525000
Long Beach,SFR,3,2,1,1100,,NA,549000
Long Beach,SFR,3,2,1,1138,,NA,389900
Long Beach,SFR,3,2,1,1234,,NA,375000
Long Beach,SFR,3,2,1,1260,,NA,349900
Long Beach,SFR,3,2,1,1308,,NA,579900
Long Beach,SFR,3,2,1,1344,,NA,779000
Long Beach,SFR,3,2,1,1361,,NA,579000
Long Beach,SFR,3,2,1,1364,,NA,455000
Long Beach,SFR,3,2,1,1403,,NA,549000
Long Beach,SFR,3,2,1,1408,,NA,799000
Long Beach,SFR,3,2,1,1493,,NA,475000
Long Beach,SFR,3,2,1,1579,,NA,525000
Long Beach,SFR,3,2,1,1592,,NA,579900
Long Beach,SFR,3,2,1,1732,,NA,795000
Long Beach,SFR,3,2,1,1822,,NA,390000
Long Beach,SFR,3,2,1,1839,,NA,545000
Long Beach,SFR,3,2,2,988,,NA,276950
Long Beach,SFR,3,2,2,1008,,NA,225000
Long Beach,SFR,3,2,2,1020,,NA,250000
Long Beach,SFR,3,2,2,1064,,NA,209500
Long Beach,SFR,3,2,2,1121,,NA,749900
Long Beach,SFR,3,2,2,1137,,NA,349000
Long Beach,SFR,3,2,2,1138,,NA,259000
Long Beach,SFR,3,2,2,1148,,NA,360000
Long Beach,SFR,3,2,2,1162,Y,NA,425000
Long Beach,SFR,3,2,2,1171,,NA,295000
Long Beach,SFR,3,2,2,1180,,NA,410000
Long Beach,SFR,3,2,2,1197,,NA,175000
Long Beach,SFR,3,2,2,1200,,NA,250000
Long Beach,SFR,3,2,2,1200,,NA,315000
Long Beach,SFR,3,2,2,1200,,NA,429000
Long Beach,SFR,3,2,2,1203,,NA,260000
Long Beach,SFR,3,2,2,1204,,NA,385000
Long Beach,SFR,3,2,2,1206,,NA,299000
Long Beach,SFR,3,2,2,1216,,NA,240000
Long Beach,SFR,3,2,2,1216,,NA,479900
Long Beach,SFR,3,2,2,1218,,NA,429000
Long Beach,SFR,3,2,2,1218,,NA,490000
Long Beach,SFR,3,2,2,1223,,NA,320000
Long Beach,SFR,3,2,2,1227,,NA,519000
Long Beach,SFR,3,2,2,1227,,NA,529500
Long Beach,SFR,3,2,2,1227,,NA,543900
Long Beach,SFR,3,2,2,1227,,NA,549500
Long Beach,SFR,3,2,2,1242,,NA,529950
Long Beach,SFR,3,2,2,1244,,NA,549900
Long Beach,SFR,3,2,2,1260,,NA,389000
Long Beach,SFR,3,2,2,1260,Y,NA,425000
Long Beach,SFR,3,2,2,1273,,NA,290000
Long Beach,SFR,3,2,2,1296,,NA,569000
Long Beach,SFR,3,2,2,1300,,NA,469000
Long Beach,SFR,3,2,2,1300,,NA,535000
Long Beach,SFR,3,2,2,1307,,NA,325000
Long Beach,SFR,3,2,2,1308,,NA,250000
Long Beach,SFR,3,2,2,1308,,NA,280000
Long Beach,SFR,3,2,2,1317,,NA,505000
Long Beach,SFR,3,2,2,1318,,NA,395000
Long Beach,SFR,3,2,2,1322,,NA,279900
Long Beach,SFR,3,2,2,1336,,NA,359900
Long Beach,SFR,3,2,2,1339,,NA,465000
Long Beach,SFR,3,2,2,1347,,NA,435000
Long Beach,SFR,3,2,2,1360,,NA,524900
Long Beach,SFR,3,2,2,1362,,NA,450000
Long Beach,SFR,3,2,2,1362,,NA,559900
Long Beach,SFR,3,2,2,1363,,NA,320000
Long Beach,SFR,3,2,2,1365,,NA,467000
Long Beach,SFR,3,2,2,1368,,NA,249900
Long Beach,SFR,3,2,2,1375,,NA,450000
Long Beach,SFR,3,2,2,1376,,NA,315000
Long Beach,SFR,3,2,2,1385,,NA,515000
Long Beach,SFR,3,2,2,1386,,NA,379000
Long Beach,SFR,3,2,2,1393,,NA,240000
Long Beach,SFR,3,2,2,1398,,NA,499900
Long Beach,SFR,3,2,2,1410,,NA,474900
Long Beach,SFR,3,2,2,1424,,NA,450000
Long Beach,SFR,3,2,2,1425,,NA,585000
Long Beach,SFR,3,2,2,1438,,NA,329000
Long Beach,SFR,3,2,2,1445,,NA,562000
Long Beach,SFR,3,2,2,1447,,NA,525000
Long Beach,SFR,3,2,2,1472,,NA,425000
Long Beach,SFR,3,2,2,1484,,NA,7.00E+05
Long Beach,SFR,3,2,2,1484,,NA,779000
Long Beach,SFR,3,2,2,1492,,NA,459000
Long Beach,SFR,3,2,2,1495,,NA,364000
Long Beach,SFR,3,2,2,1498,,NA,450000
Long Beach,SFR,3,2,2,1500,,NA,897000
Long Beach,SFR,3,2,2,1501,,NA,569000
Long Beach,SFR,3,2,2,1504,,NA,799999
Long Beach,SFR,3,2,2,1510,,NA,499900
Long Beach,SFR,3,2,2,1511,,NA,380000
Long Beach,SFR,3,2,2,1511,,NA,495000
Long Beach,SFR,3,2,2,1520,,NA,250000
Long Beach,SFR,3,2,2,1522,,NA,4.00E+05
Long Beach,SFR,3,2,2,1532,,NA,525000
Long Beach,SFR,3,2,2,1542,,NA,460000
Long Beach,SFR,3,2,2,1548,,NA,475000
Long Beach,SFR,3,2,2,1554,,NA,450000
Long Beach,SFR,3,2,2,1567,,NA,429000
Long Beach,SFR,3,2,2,1569,,NA,520000
Long Beach,SFR,3,2,2,1580,,NA,505000
Long Beach,SFR,3,2,2,1582,,NA,285000
Long Beach,SFR,3,2,2,1600,,NA,329900
Long Beach,SFR,3,2,2,1600,,NA,525000
Long Beach,SFR,3,2,2,1608,,NA,450000
Long Beach,SFR,3,2,2,1608,,NA,475000
Long Beach,SFR,3,2,2,1620,,NA,334900
Long Beach,SFR,3,2,2,1630,,NA,584900
Long Beach,SFR,3,2,2,1631,,NA,499000
Long Beach,SFR,3,2,2,1638,,NA,439000
Long Beach,SFR,3,2,2,1651,,NA,624900
Long Beach,SFR,3,2,2,1656,,NA,285000
Long Beach,SFR,3,2,2,1656,,NA,549000
Long Beach,SFR,3,2,2,1669,,NA,565000
Long Beach,SFR,3,2,2,1674,,NA,580000
Long Beach,SFR,3,2,2,1681,,NA,449900
Long Beach,SFR,3,2,2,1693,,NA,490000
Long Beach,SFR,3,2,2,1693,Y,NA,539000
Long Beach,SFR,3,2,2,1694,,NA,355000
Long Beach,SFR,3,2,2,1695,,NA,275000
Long Beach,SFR,3,2,2,1700,,NA,525000
Long Beach,SFR,3,2,2,1703,,NA,582000
Long Beach,SFR,3,2,2,1715,,NA,545000
Long Beach,SFR,3,2,2,1716,,NA,459900
Long Beach,SFR,3,2,2,1736,,NA,629900
Long Beach,SFR,3,2,2,1753,,NA,285000
Long Beach,SFR,3,2,2,1760,,NA,289000
Long Beach,SFR,3,2,2,1770,,NA,590000
Long Beach,SFR,3,2,2,1777,,NA,575000
Long Beach,SFR,3,2,2,1786,,NA,247900
Long Beach,SFR,3,2,2,1800,,NA,835500
Long Beach,SFR,3,2,2,1807,,NA,625000
Long Beach,SFR,3,2,2,1818,,NA,599900
Long Beach,SFR,3,2,2,1852,,NA,245900
Long Beach,SFR,3,2,2,1898,,NA,450000
Long Beach,SFR,3,2,2,1946,,NA,499000
Long Beach,SFR,3,2,2,1950,,NA,799000
Long Beach,SFR,3,2,2,1991,,NA,437000
Long Beach,SFR,3,2,2,1998,,NA,529000
Long Beach,SFR,3,2,2,2017,,NA,462000
Long Beach,SFR,3,2,2,2032,,NA,6.00E+05
Long Beach,SFR,3,2,2,2043,,NA,749000
Long Beach,SFR,3,2,2,2081,,NA,649000
Long Beach,SFR,3,2,2,2196,,NA,3.00E+05
Long Beach,SFR,3,2,2,2200,,NA,649000
Long Beach,SFR,3,2,2,2204,,NA,725000
Long Beach,SFR,3,2,2,2250,,NA,675000
Long Beach,SFR,3,2,2,2449,,NA,980000
Long Beach,SFR,3,2,2,2871,,NA,875000
Long Beach,SFR,3,2,3,1696,,NA,585900
Long Beach,SFR,3,2,4+,1732,,NA,389000
Long Beach,SFR,3,2,4+,1938,,NA,390000
Long Beach,SFR,3,3,,1542,,NA,215000
Long Beach,SFR,3,3,,1650,,NA,399000
Long Beach,SFR,3,3,,1898,,NA,649900
Long Beach,SFR,3,3,1,1023,,NA,445000
Long Beach,SFR,3,3,1,1391,,NA,249000
Long Beach,SFR,3,3,1,1532,,NA,325000
Long Beach,SFR,3,3,1,1992,,NA,702900
Long Beach,SFR,3,3,1,2118,,NA,849000
Long Beach,SFR,3,3,2,884,,NA,369000
Long Beach,SFR,3,3,2,1382,,NA,345000
Long Beach,SFR,3,3,2,1410,,NA,499000
Long Beach,SFR,3,3,2,1426,,NA,359000
Long Beach,SFR,3,3,2,1469,,NA,304920
Long Beach,SFR,3,3,2,1471,,NA,875000
Long Beach,SFR,3,3,2,1619,,NA,380000
Long Beach,SFR,3,3,2,1639,,NA,629999
Long Beach,SFR,3,3,2,1651,,NA,319777
Long Beach,SFR,3,3,2,1677,,NA,339000
Long Beach,SFR,3,3,2,1778,,NA,675000
Long Beach,SFR,3,3,2,1872,,NA,580000
Long Beach,SFR,3,3,2,1872,,NA,825000
Long Beach,SFR,3,3,2,1898,,NA,649900
Long Beach,SFR,3,3,2,1951,,NA,375000
Long Beach,SFR,3,3,2,1989,,NA,595000
Long Beach,SFR,3,3,2,2036,,NA,625000
Long Beach,SFR,3,3,2,2114,,NA,649000
Long Beach,SFR,3,3,2,2144,,NA,659900
Long Beach,SFR,3,3,2,2172,,NA,849000
Long Beach,SFR,3,3,2,2185,,NA,1599000
Long Beach,SFR,3,3,2,2210,,NA,786000
Long Beach,SFR,3,3,2,2242,,NA,795000
Long Beach,SFR,3,3,2,2274,,NA,849000
Long Beach,SFR,3,3,2,2275,,NA,470000
Long Beach,SFR,3,3,2,2309,,NA,995000
Long Beach,SFR,3,3,2,2319,,NA,725000
Long Beach,SFR,3,3,2,2323,,NA,999900
Long Beach,SFR,3,3,2,2359,,NA,990000
Long Beach,SFR,3,3,2,2441,,NA,769000
Long Beach,SFR,3,3,2,2532,,NA,2500000
Long Beach,SFR,3,3,2,2647,,NA,799000
Long Beach,SFR,3,3,2,2806,,NA,1175000
Long Beach,SFR,3,3,2,2829,,NA,599900
Long Beach,SFR,3,3,2,3000,,NA,879000
Long Beach,SFR,3,3,2,3005,,NA,939000
Long Beach,SFR,3,3,2,3200,,NA,1275000
Long Beach,SFR,3,3,3,2040,,NA,299000
Long Beach,SFR,3,4,2,1092,,NA,295000
Long Beach,SFR,3,4,2,2090,,NA,2250000
Long Beach,SFR,3,4,2,2305,,NA,1049000
Long Beach,SFR,3,4,2,2622,,NA,509000
Long Beach,SFR,3,4,2,2841,Y,NA,1329000
Long Beach,SFR,3,4,2,3100,,NA,1950000
Long Beach,SFR,3,4,2,3169,,NA,525000
Long Beach,SFR,3,4,2,3938,,NA,4125000
Long Beach,SFR,3,4,3,4009,,NA,1695000
Long Beach,SFR,3,5,2,3521,,NA,1149000
Long Beach,SFR,3,5,2,3528,,NA,2425000
Long Beach,SFR,3,5,2,4347,,NA,1495000
Long Beach,SFR,3,5,3,6750,,NA,3800000
Long Beach,SFR,4,2,,1309,,NA,273000
Long Beach,SFR,4,2,,1400,,NA,599000
Long Beach,SFR,4,2,,1532,,NA,419900
Long Beach,SFR,4,2,,1776,,NA,250000
Long Beach,SFR,4,2,,1828,,NA,439000
Long Beach,SFR,4,2,,2023,,NA,299900
Long Beach,SFR,4,2,,2036,,NA,295000
Long Beach,SFR,4,2,1,968,,NA,170000
Long Beach,SFR,4,2,1,1042,,NA,259000
Long Beach,SFR,4,2,1,1558,,NA,385000
Long Beach,SFR,4,2,1,1824,,NA,299000
Long Beach,SFR,4,2,1,2812,,NA,469000
Long Beach,SFR,4,2,2,1160,,NA,250000
Long Beach,SFR,4,2,2,1176,,NA,239000
Long Beach,SFR,4,2,2,1280,,NA,329000
Long Beach,SFR,4,2,2,1322,,NA,519000
Long Beach,SFR,4,2,2,1330,,NA,279000
Long Beach,SFR,4,2,2,1334,,NA,409900
Long Beach,SFR,4,2,2,1344,,NA,329000
Long Beach,SFR,4,2,2,1353,,NA,399900
Long Beach,SFR,4,2,2,1369,,NA,439000
Long Beach,SFR,4,2,2,1391,,NA,290000
Long Beach,SFR,4,2,2,1397,,NA,455000
Long Beach,SFR,4,2,2,1400,,NA,579000
Long Beach,SFR,4,2,2,1418,,NA,350000
Long Beach,SFR,4,2,2,1424,,NA,310000
Long Beach,SFR,4,2,2,1426,,NA,549000
Long Beach,SFR,4,2,2,1460,,NA,279900
Long Beach,SFR,4,2,2,1492,,NA,475000
Long Beach,SFR,4,2,2,1496,,NA,425000
Long Beach,SFR,4,2,2,1500,,NA,488888
Long Beach,SFR,4,2,2,1546,,NA,549900
Long Beach,SFR,4,2,2,1548,,NA,350000
Long Beach,SFR,4,2,2,1554,,NA,490000
Long Beach,SFR,4,2,2,1571,,NA,299900
Long Beach,SFR,4,2,2,1575,,NA,499900
Long Beach,SFR,4,2,2,1594,,NA,399000
Long Beach,SFR,4,2,2,1656,,NA,535000
Long Beach,SFR,4,2,2,1668,,NA,3.00E+05
Long Beach,SFR,4,2,2,1679,,NA,489900
Long Beach,SFR,4,2,2,1688,,NA,495000
Long Beach,SFR,4,2,2,1729,Y,NA,595000
Long Beach,SFR,4,2,2,1741,,NA,299900
Long Beach,SFR,4,2,2,1761,,NA,375000
Long Beach,SFR,4,2,2,1797,,NA,549900
Long Beach,SFR,4,2,2,1803,,NA,225800
Long Beach,SFR,4,2,2,1806,,NA,388000
Long Beach,SFR,4,2,2,1852,,NA,448900
Long Beach,SFR,4,2,2,1853,,NA,499997
Long Beach,SFR,4,2,2,2000,,NA,599997
Long Beach,SFR,4,2,2,2063,,NA,525000
Long Beach,SFR,4,2,2,2116,,NA,650000
Long Beach,SFR,4,2,2,2138,,NA,689900
Long Beach,SFR,4,2,2,2259,,NA,439900
Long Beach,SFR,4,2,4+,1426,,NA,285000
Long Beach,SFR,4,3,,2550,,NA,999000
Long Beach,SFR,4,3,1,1956,,NA,469000
Long Beach,SFR,4,3,1,2062,,NA,549900
Long Beach,SFR,4,3,2,1365,,NA,499000
Long Beach,SFR,4,3,2,1675,,NA,579900
Long Beach,SFR,4,3,2,1768,,NA,479000
Long Beach,SFR,4,3,2,1768,,NA,565000
Long Beach,SFR,4,3,2,1800,,NA,415000
Long Beach,SFR,4,3,2,1811,,NA,575000
Long Beach,SFR,4,3,2,1811,,NA,625000
Long Beach,SFR,4,3,2,1878,,NA,529000
Long Beach,SFR,4,3,2,1882,,NA,619000
Long Beach,SFR,4,3,2,1894,,NA,554900
Long Beach,SFR,4,3,2,1901,,NA,259900
Long Beach,SFR,4,3,2,1958,,NA,449500
Long Beach,SFR,4,3,2,2103,,NA,799900
Long Beach,SFR,4,3,2,2112,,NA,564900
Long Beach,SFR,4,3,2,2143,,NA,599000
Long Beach,SFR,4,3,2,2174,,NA,249900
Long Beach,SFR,4,3,2,2178,,NA,839000
Long Beach,SFR,4,3,2,2242,Y,NA,699800
Long Beach,SFR,4,3,2,2244,,NA,610000
Long Beach,SFR,4,3,2,2287,,NA,1395000
Long Beach,SFR,4,3,2,2301,,NA,769900
Long Beach,SFR,4,3,2,2301,,NA,950000
Long Beach,SFR,4,3,2,2325,,NA,1095000
Long Beach,SFR,4,3,2,2335,,NA,550000
Long Beach,SFR,4,3,2,2376,,NA,799000
Long Beach,SFR,4,3,2,2400,,NA,359900
Long Beach,SFR,4,3,2,2512,,NA,1325000
Long Beach,SFR,4,3,2,2597,,NA,1595000
Long Beach,SFR,4,3,2,2602,,NA,1995000
Long Beach,SFR,4,3,2,2628,,NA,699000
Long Beach,SFR,4,3,2,2712,,NA,2350000
Long Beach,SFR,4,3,2,2807,,NA,739990
Long Beach,SFR,4,3,2,2807,,NA,779000
Long Beach,SFR,4,3,2,2882,,NA,895000
Long Beach,SFR,4,3,2,2900,,NA,599000
Long Beach,SFR,4,3,2,3100,,NA,925000
Long Beach,SFR,4,3,2,3125,,NA,1625000
Long Beach,SFR,4,3,2,3175,,NA,1479000
Long Beach,SFR,4,3,2,3388,,NA,705000
Long Beach,SFR,4,3,3,1954,,NA,599000
Long Beach,SFR,4,3,3,2773,,NA,1195000
Long Beach,SFR,4,3,3,2815,,NA,989000
Long Beach,SFR,4,3,3,2850,,NA,1195000
Long Beach,SFR,4,3,3,2878,,NA,899500
Long Beach,SFR,4,3,3,2878,,NA,1195000
Long Beach,SFR,4,3,3,3412,,NA,1195000
Long Beach,SFR,4,3,4+,2954,,NA,998000
Long Beach,SFR,4,4,1,3900,,NA,1750000
Long Beach,SFR,4,4,2,2236,,NA,680000
Long Beach,SFR,4,4,2,2301,,NA,819000
Long Beach,SFR,4,4,2,2543,,NA,1395000
Long Beach,SFR,4,4,2,2762,,NA,1275000
Long Beach,SFR,4,4,2,2883,,NA,564000
Long Beach,SFR,4,4,2,2892,,NA,899900
Long Beach,SFR,4,4,2,2948,,NA,1149000
Long Beach,SFR,4,4,2,2950,,NA,1149000
Long Beach,SFR,4,4,2,3121,,NA,799900
Long Beach,SFR,4,4,2,3275,,NA,1575000
Long Beach,SFR,4,4,2,3400,,NA,1599000
Long Beach,SFR,4,4,2,3411,,NA,2350000
Long Beach,SFR,4,4,2,3554,,NA,849000
Long Beach,SFR,4,4,2,3679,,NA,1299000
Long Beach,SFR,4,4,2,4000,,NA,1650000
Long Beach,SFR,4,4,2,4100,,NA,4995000
Long Beach,SFR,4,4,3,3076,,NA,1395000
Long Beach,SFR,4,4,3,3526,,NA,2345000
Long Beach,SFR,4,4,3,3982,Y,NA,1549000
Long Beach,SFR,4,4,4+,3590,,NA,1325000
Long Beach,SFR,4,5,2,1818,,NA,380000
Long Beach,SFR,4,5,2,3345,,NA,1450000
Long Beach,SFR,4,5,3,4852,,NA,1599000
Long Beach,SFR,4,7,2,6829,Y,NA,2100000
Long Beach,SFR,5,2,2,1074,,NA,294900
Long Beach,SFR,5,3,,2554,,NA,460000
Long Beach,SFR,5,3,2,2008,,NA,3.00E+05
Long Beach,SFR,5,3,2,2230,,NA,625000
Long Beach,SFR,5,3,2,2404,,NA,1179000
Long Beach,SFR,5,3,2,2632,,NA,699900
Long Beach,SFR,5,3,2,2652,,NA,679000
Long Beach,SFR,5,3,2,2671,,NA,949000
Long Beach,SFR,5,3,2,2907,,NA,460000
Long Beach,SFR,5,4,2,2073,,NA,489000
Long Beach,SFR,5,4,2,2198,,NA,599000
Long Beach,SFR,5,4,2,2854,,NA,649000
Long Beach,SFR,5,4,2,3234,,NA,625000
Long Beach,SFR,5,4,2,3260,Y,NA,849900
Long Beach,SFR,5,4,2,3688,,NA,1395000
Long Beach,SFR,5,4,2,4220,Y,NA,1295000
Long Beach,SFR,5,4,3,3295,,NA,899000
Long Beach,SFR,5,4,3,3391,,NA,1145000
Long Beach,SFR,5,5,2,3350,,NA,1250000
Long Beach,SFR,5,5,2,4302,,NA,1750000
Long Beach,SFR,5,5,2,4400,Y,NA,1849000
Long Beach,SFR,5,5,3,4020,,NA,2995500
Long Beach,SFR,5,5,3,5070,,NA,6200000
Long Beach,SFR,5,5,3,5135,,NA,4200000
Long Beach,SFR,5,6,2,4100,,NA,1839000
Long Beach,SFR,5,6,3,3468,,NA,899950
Long Beach,SFR,5,6,3,4436,,NA,1900000
Long Beach,SFR,5,9,,7500,,NA,2995000
Long Beach,SFR,6,3,2,2840,,NA,699900
Long Beach,SFR,6,4,,1753,,NA,399000
Long Beach,SFR,6,4,,3906,,NA,1100000
Long Beach,SFR,6,4,1,2509,,NA,679000
Long Beach,SFR,6,4,3,3725,,NA,1390000
Long Beach,SFR,6,6,,6200,,NA,2875000
Long Beach,SFR,6,6,2,5028,,NA,1750000
Long Beach,SFR,7,5,2,3675,,NA,633000
Long Beach,SFR,7,5,3,3362,,NA,750000
Beverly Hills,Condo/Twh,2,2.5,,1500,,NA,1350000
Beverly Hills,Condo/Twh,2,2.5,,1617,,NA,1230000
Beverly Hills,Condo/Twh,2,2.5,,1910,,NA,1275000
Beverly Hills,Condo/Twh,2,2.5,,1961,,NA,1295000
Beverly Hills,Condo/Twh,2,2.5,,2512,,NA,1750000
Beverly Hills,Condo/Twh,2,2.5,,2526,,NA,1500000
Beverly Hills,Condo/Twh,2,2.5,,2662,,NA,1695000
Beverly Hills,Condo/Twh,2,2.5,,2759,,NA,2195000
Beverly Hills,Condo/Twh,2,3,,1856,,NA,1999000
Beverly Hills,Condo/Twh,2,3,,2210,,NA,1299999
Beverly Hills,Condo/Twh,2,3,,2283,,NA,1395000
Beverly Hills,Condo/Twh,2,3,3,1857,,NA,1350000
Beverly Hills,Condo/Twh,3,2.5,,2265,,NA,1500000
Beverly Hills,Condo/Twh,3,2.5,,2265,,NA,1650000
Beverly Hills,Condo/Twh,3,2.5,,2285,,NA,1500000
Beverly Hills,Condo/Twh,3,2.5,,2659,,NA,1875000
Beverly Hills,Condo/Twh,3,3,,2028,,NA,1395000
Beverly Hills,Condo/Twh,3,3,,2058,,NA,1250000
Beverly Hills,Condo/Twh,3,3,,2593,,NA,1395000
Beverly Hills,Condo/Twh,3,3,3,2120,,NA,1285000
Beverly Hills,Condo/Twh,3,3,3,2236,,NA,1185000
Beverly Hills,Condo/Twh,3,3.5,,2314,,NA,2295000
Beverly Hills,Condo/Twh,3,3.5,,3014,Y,NA,6150000
Beverly Hills,Condo/Twh,3,3.5,,3233,,NA,1949000
Beverly Hills,Condo/Twh,3,3.5,,3314,,NA,2595000
Beverly Hills,Condo/Twh,3,3.5,,3411,,NA,2290000
Beverly Hills,Condo/Twh,3,3.5,,3411,,NA,2490000
Beverly Hills,Condo/Twh,3,3.5,,3411,,NA,4995000
Beverly Hills,Condo/Twh,3,3.5,,3865,Y,NA,8850000
Beverly Hills,Condo/Twh,4,3.5,,2083,,NA,1190000
Beverly Hills,Condo/Twh,4,3.5,,3387,,NA,1990000
Beverly Hills,Condo/Twh,4,4,,3039,,NA,1395000
Beverly Hills,Condo/Twh,4,4.5,,3200,,NA,3995000
Beverly Hills,Condo/Twh,4,4.5,,4695,Y,NA,11650000
Beverly Hills,SFR,2,1,,1345,,NA,1595000
Beverly Hills,SFR,2,2,,1344,,NA,1199000
Beverly Hills,SFR,2,2,,1788,Y,NA,1595000
Beverly Hills,SFR,2,2,,1822,Y,NA,1750000
Beverly Hills,SFR,2,2,,2239,Y,NA,1699000
Beverly Hills,SFR,2,2,,2274,,NA,5.00E+06
Beverly Hills,SFR,2,2,2,1631,,NA,1195000
Beverly Hills,SFR,2,2.5,,2471,Y,NA,2850000
Beverly Hills,SFR,3,1,,1439,,NA,1995000
Beverly Hills,SFR,3,2,,1660,,NA,1400000
Beverly Hills,SFR,3,2,,1670,,NA,1349000
Beverly Hills,SFR,3,2,,1690,,NA,1250000
Beverly Hills,SFR,3,2,,1700,,NA,1295000
Beverly Hills,SFR,3,2,,1768,,NA,1199000
Beverly Hills,SFR,3,2,,1817,,NA,1590000
Beverly Hills,SFR,3,2,,1818,,NA,1620000
Beverly Hills,SFR,3,2,,1850,,NA,1525000
Beverly Hills,SFR,3,2,,1895,Y,NA,1925000
Beverly Hills,SFR,3,2,,2545,Y,NA,1750000
Beverly Hills,SFR,3,2,2,1690,,NA,1250000
Beverly Hills,SFR,3,2,2,2121,,NA,1425000
Beverly Hills,SFR,3,2.5,,1528,,NA,1675000
Beverly Hills,SFR,3,2.5,,1641,,NA,1799000
Beverly Hills,SFR,3,2.5,,3352,,NA,1499000
Beverly Hills,SFR,3,3,,1730,,NA,1199000
Beverly Hills,SFR,3,3,,2134,,NA,1850000
Beverly Hills,SFR,3,3,,2162,Y,NA,1449000
Beverly Hills,SFR,3,3,,2205,,NA,1599999
Beverly Hills,SFR,3,3,,2209,Y,NA,1295000
Beverly Hills,SFR,3,3,,2234,Y,NA,2.00E+06
Beverly Hills,SFR,3,3,,2468,Y,NA,2995000
Beverly Hills,SFR,3,3,,2470,Y,NA,1749000
Beverly Hills,SFR,3,3,,2560,,NA,1650000
Beverly Hills,SFR,3,3,,2930,Y,NA,2195000
Beverly Hills,SFR,3,3,,3111,Y,NA,2595000
Beverly Hills,SFR,3,3,,3192,Y,NA,2800000
Beverly Hills,SFR,3,3,,3227,Y,NA,1695000
Beverly Hills,SFR,3,3,,4019,Y,NA,1749000
Beverly Hills,SFR,3,3,1,2797,,NA,1695000
Beverly Hills,SFR,3,3,2,1789,,NA,1395000
Beverly Hills,SFR,3,3,2,2428,,NA,1600000
Beverly Hills,SFR,3,3.5,,2736,Y,NA,1469900
Beverly Hills,SFR,3,3.5,,2850,Y,NA,2095000
Beverly Hills,SFR,3,3.5,,3000,Y,NA,2995000
Beverly Hills,SFR,3,3.5,,3234,,NA,2349000
Beverly Hills,SFR,3,3.5,,3773,Y,NA,4295000
Beverly Hills,SFR,3,3.5,,4169,,NA,1990000
Beverly Hills,SFR,3,4,,2616,Y,NA,1995000
Beverly Hills,SFR,3,4.5,,3985,Y,NA,3950000
Beverly Hills,SFR,4,2,,1937,,NA,1595000
Beverly Hills,SFR,4,3,,2032,Y,NA,1275000
Beverly Hills,SFR,4,3,,2076,,NA,1250000
Beverly Hills,SFR,4,3,,2550,,NA,1799000
Beverly Hills,SFR,4,3,,2598,,NA,1579000
Beverly Hills,SFR,4,3,,2629,,NA,2349000
Beverly Hills,SFR,4,3,,3089,,NA,1750000
Beverly Hills,SFR,4,3,,3130,Y,NA,1600000
Beverly Hills,SFR,4,3,,3216,Y,NA,2395000
Beverly Hills,SFR,4,3,,3380,,NA,2395000
Beverly Hills,SFR,4,3.5,,2450,,NA,1349000
Beverly Hills,SFR,4,3.5,,2512,Y,NA,2295000
Beverly Hills,SFR,4,3.5,,2833,Y,NA,1795000
Beverly Hills,SFR,4,3.5,,3238,Y,NA,2400000
Beverly Hills,SFR,4,3.5,,3730,Y,NA,5500000
Beverly Hills,SFR,4,3.5,,4000,Y,NA,4999000
Beverly Hills,SFR,4,3.5,,4840,Y,NA,4795000
Beverly Hills,SFR,4,3.5,,5011,Y,NA,3950000
Beverly Hills,SFR,4,4,,2472,Y,NA,3895000
Beverly Hills,SFR,4,4,,2642,,NA,1825000
Beverly Hills,SFR,4,4,,2848,Y,NA,1949000
Beverly Hills,SFR,4,4,,3000,,NA,2695000
Beverly Hills,SFR,4,4,,3053,,NA,1495000
Beverly Hills,SFR,4,4,,3060,Y,NA,2995000
Beverly Hills,SFR,4,4,,3254,Y,NA,3200000
Beverly Hills,SFR,4,4,,3321,,NA,2395000
Beverly Hills,SFR,4,4,,3584,,NA,1679000
Beverly Hills,SFR,4,4,,3701,Y,NA,2595000
Beverly Hills,SFR,4,4,2,3577,Y,NA,2775000
Beverly Hills,SFR,4,4,2,3938,,NA,4500000
Beverly Hills,SFR,4,4,3,3039,,NA,1750000
Beverly Hills,SFR,4,4,3,3598,,NA,3500000
Beverly Hills,SFR,4,4.5,,2661,,NA,1899000
Beverly Hills,SFR,4,4.5,,2773,,NA,2050000
Beverly Hills,SFR,4,4.5,,3375,,NA,3795000
Beverly Hills,SFR,4,4.5,,3602,Y,NA,2895000
Beverly Hills,SFR,4,4.5,,4033,,NA,1322343
Beverly Hills,SFR,4,4.5,,4200,,NA,1890000
Beverly Hills,SFR,4,4.5,,4449,,NA,5495000
Beverly Hills,SFR,4,4.5,,5316,Y,NA,2995000
Beverly Hills,SFR,4,4.5,,5868,Y,NA,7995000
Beverly Hills,SFR,4,5,,3265,,NA,2499000
Beverly Hills,SFR,4,5,,3297,,NA,2899000
Beverly Hills,SFR,4,5,,3330,Y,NA,1995000
Beverly Hills,SFR,4,5,,4238,Y,NA,4295000
Beverly Hills,SFR,4,5,,5500,Y,NA,8395000
Beverly Hills,SFR,4,5,,6230,,NA,1750000
Beverly Hills,SFR,4,5,,7187,Y,NA,1.60E+07
Beverly Hills,SFR,4,5,2,1789,,NA,1800000
Beverly Hills,SFR,4,5,2,3773,,NA,2195000
Beverly Hills,SFR,4,5,2,5354,,NA,3850000
Beverly Hills,SFR,4,5,2,5450,Y,NA,3195000
Beverly Hills,SFR,4,5.5,,4043,,NA,1459000
Beverly Hills,SFR,4,5.5,,4897,Y,NA,1995000
Beverly Hills,SFR,4,5.5,,5074,Y,NA,2999000
Beverly Hills,SFR,4,6,,5873,,NA,3975000
Beverly Hills,SFR,4,6,,7000,Y,NA,4800000
Beverly Hills,SFR,4,6,,8000,Y,NA,7800000
Beverly Hills,SFR,4,6.5,3,6416,Y,NA,5595000
Beverly Hills,SFR,4,7,,6350,Y,NA,8700000
Beverly Hills,SFR,5,4,,2950,Y,NA,1649000
Beverly Hills,SFR,5,4,,3003,Y,NA,2999000
Beverly Hills,SFR,5,4,,3119,,NA,1999000
Beverly Hills,SFR,5,4,,3892,Y,NA,2495000
Beverly Hills,SFR,5,4,,4032,Y,NA,5400000
Beverly Hills,SFR,5,4,2,4584,,NA,1988000
Beverly Hills,SFR,5,4,3,4446,Y,NA,2695000
Beverly Hills,SFR,5,4.5,,3497,Y,NA,1349000
Beverly Hills,SFR,5,4.5,,3569,,NA,2695000
Beverly Hills,SFR,5,4.5,,3800,Y,NA,1999000
Beverly Hills,SFR,5,4.5,,4000,Y,NA,3995000
Beverly Hills,SFR,5,4.5,,4718,,NA,2495000
Beverly Hills,SFR,5,4.5,2,4000,,NA,4250000
Beverly Hills,SFR,5,5,,3934,Y,NA,3995000
Beverly Hills,SFR,5,5,,4016,,NA,2695000
Beverly Hills,SFR,5,5,,5831,,NA,1995000
Beverly Hills,SFR,5,5,3,2810,,NA,4199000
Beverly Hills,SFR,5,5.5,,3100,Y,NA,3695000
Beverly Hills,SFR,5,5.5,,3556,Y,NA,2495000
Beverly Hills,SFR,5,5.5,,3642,Y,NA,2250000
Beverly Hills,SFR,5,5.5,,3912,,NA,2775000
Beverly Hills,SFR,5,5.5,,4532,Y,NA,3395000
Beverly Hills,SFR,5,5.5,,5183,,NA,2875000
Beverly Hills,SFR,5,5.5,,5600,Y,NA,3950000
Beverly Hills,SFR,5,5.5,,7224,Y,NA,9.00E+06
Beverly Hills,SFR,5,5.5,,7234,,NA,4925000
Beverly Hills,SFR,5,6,,3764,Y,NA,3395000
Beverly Hills,SFR,5,6,,5458,Y,NA,3349000
Beverly Hills,SFR,5,6,,6083,Y,NA,9850000
Beverly Hills,SFR,5,6,,6138,Y,NA,6899000
Beverly Hills,SFR,5,6,,6300,Y,NA,1.00E+07
Beverly Hills,SFR,5,6,,6758,Y,NA,4995000
Beverly Hills,SFR,5,6,3,5292,Y,NA,4100000
Beverly Hills,SFR,5,6.5,,5000,Y,NA,2995000
Beverly Hills,SFR,5,6.5,,6350,Y,NA,7950000
Beverly Hills,SFR,5,6.5,,6917,Y,NA,4750000
Beverly Hills,SFR,5,6.5,,8662,Y,NA,4949000
Beverly Hills,SFR,5,6.5,3,6682,,NA,4200000
Beverly Hills,SFR,5,6.75,,5721,Y,NA,8400000
Beverly Hills,SFR,5,7,,4097,Y,NA,2799000
Beverly Hills,SFR,5,7,,5234,Y,NA,3495000
Beverly Hills,SFR,5,7,,6300,,NA,6995000
Beverly Hills,SFR,5,7,,7500,Y,NA,7995000
Beverly Hills,SFR,5,7,,7989,Y,NA,8495000
Beverly Hills,SFR,5,7,,9000,Y,NA,11900000
Beverly Hills,SFR,5,7,,9000,Y,NA,11900000
Beverly Hills,SFR,5,7,,9163,Y,NA,9799000
Beverly Hills,SFR,5,7,2,6598,Y,NA,3500000
Beverly Hills,SFR,5,8,,11000,Y,NA,8795000
Beverly Hills,SFR,5,8,,14609,Y,NA,21500000
Beverly Hills,SFR,5,8,4+,9243,,NA,1.00E+07
Beverly Hills,SFR,6,3.75,,3314,Y,NA,1249000
Beverly Hills,SFR,6,5,,5367,Y,NA,6499000
Beverly Hills,SFR,6,5,,6500,Y,NA,7995000
Beverly Hills,SFR,6,5.5,,11000,Y,NA,6995000
Beverly Hills,SFR,6,6,,4242,Y,NA,2600000
Beverly Hills,SFR,6,6.5,,7256,Y,NA,7995000
Beverly Hills,SFR,6,6.5,,7577,,NA,6895000
Beverly Hills,SFR,6,6.5,,8679,Y,NA,7990000
Beverly Hills,SFR,6,7,,5004,Y,NA,2450000
Beverly Hills,SFR,6,7,,7493,Y,NA,6650000
Beverly Hills,SFR,6,7.5,,5000,Y,NA,4795000
Beverly Hills,SFR,6,7.5,,10020,,NA,5495000
Beverly Hills,SFR,6,7.5,,10500,Y,NA,10800000
Beverly Hills,SFR,6,7.5,,11000,Y,NA,16995000
Beverly Hills,SFR,6,7.5,,11000,Y,NA,16995000
Beverly Hills,SFR,6,8,,7311,Y,NA,5495000
Beverly Hills,SFR,6,8,,8000,Y,NA,4395000
Beverly Hills,SFR,6,8.5,2,4555,Y,NA,5995000
Beverly Hills,SFR,6,9,,7500,,NA,12750000
Beverly Hills,SFR,6,9,,7624,Y,NA,12750000
Beverly Hills,SFR,6,11,,16217,,NA,2.10E+07
Beverly Hills,SFR,7,7,,7057,Y,NA,4695000
Beverly Hills,SFR,7,7,,13638,Y,NA,19995000
Beverly Hills,SFR,7,7.5,,7413,Y,NA,11995000
Beverly Hills,SFR,7,7.5,,8000,Y,NA,5950000
Beverly Hills,SFR,7,7.5,,10138,Y,NA,11995000
Beverly Hills,SFR,7,8.5,3,7950,Y,NA,4950000
Beverly Hills,SFR,7,9.5,,13900,Y,NA,15900000
Beverly Hills,SFR,7,11,,9955,Y,NA,5499000
Beverly Hills,SFR,8,9.5,,11531,Y,NA,12950000
Beverly Hills,SFR,8,11,,13000,,NA,24500000
Beverly Hills,SFR,8,11,,13000,Y,NA,24500000
Beverly Hills,SFR,8,12,,17000,Y,NA,19500000
Beverly Hills,SFR,9,9,,12000,Y,NA,10995000
Beverly Hills,SFR,9,9,,15000,Y,NA,1.40E+07
Beverly Hills,SFR,10,14,,28000,,NA,89950000
Beverly Hills,SFR,12,21,,22798,Y,NA,3.50E+07
Beverly Hills,SFR,17,30,,25243,Y,NA,6.00E+07
Santa Monica,,1,1,2,868,,NA,649000
Santa Monica,,1,1,NA,906,,NA,874000
Santa Monica,,2,2,NA,1235,,NA,1700000
Santa Monica,Condo/Twh,0,1,NA,443,,NA,445000
Santa Monica,Condo/Twh,1,1,1,800,,NA,499000
Santa Monica,Condo/Twh,1,1,NA,427,,NA,320000
Santa Monica,Condo/Twh,1,1,NA,504,,NA,359000
Santa Monica,Condo/Twh,1,1,NA,515,,NA,368000
Santa Monica,Condo/Twh,1,1,NA,521,,NA,342253
Santa Monica,Condo/Twh,1,1,NA,544,,NA,372800
Santa Monica,Condo/Twh,1,1,NA,556,,NA,380000
Santa Monica,Condo/Twh,1,1,NA,570,,NA,499000
Santa Monica,Condo/Twh,1,1,NA,574,,NA,395000
Santa Monica,Condo/Twh,1,1,NA,576,,NA,599000
Santa Monica,Condo/Twh,1,1,NA,598,,NA,349000
Santa Monica,Condo/Twh,1,1,NA,618,,NA,224900
Santa Monica,Condo/Twh,1,1,NA,620,,NA,475000
Santa Monica,Condo/Twh,1,1,NA,621,,NA,539000
Santa Monica,Condo/Twh,1,1,NA,640,,NA,429000
Santa Monica,Condo/Twh,1,1,NA,650,,NA,275000
Santa Monica,Condo/Twh,1,1,NA,663,,NA,448000
Santa Monica,Condo/Twh,1,1,NA,665,,NA,448000
Santa Monica,Condo/Twh,1,1,NA,665,,NA,448000
Santa Monica,Condo/Twh,1,1,NA,665,,NA,478000
Santa Monica,Condo/Twh,1,1,NA,678,,NA,495000
Santa Monica,Condo/Twh,1,1,NA,679,,NA,439000
Santa Monica,Condo/Twh,1,1,NA,693,,NA,498000
Santa Monica,Condo/Twh,1,1,NA,758,,NA,475000
Santa Monica,Condo/Twh,1,1,NA,868,,NA,450000
Santa Monica,Condo/Twh,1,1,NA,955,,NA,449900
Santa Monica,Condo/Twh,1,1,NA,997,,NA,435000
Santa Monica,Condo/Twh,1,1.5,NA,1610,,NA,1049000
Santa Monica,Condo/Twh,2,1,NA,772,,NA,629000
Santa Monica,Condo/Twh,2,1,NA,783,,NA,275000
Santa Monica,Condo/Twh,2,1,NA,842,,NA,542000
Santa Monica,Condo/Twh,2,1,NA,940,,NA,489000
Santa Monica,Condo/Twh,2,1,NA,945,,NA,519000
Santa Monica,Condo/Twh,2,1,NA,1057,,NA,580000
Santa Monica,Condo/Twh,2,1,NA,1072,,NA,599000
Santa Monica,Condo/Twh,2,1.5,NA,932,,NA,525000
Santa Monica,Condo/Twh,2,1.5,NA,955,,NA,359000
Santa Monica,Condo/Twh,2,1.5,NA,1000,,NA,619000
Santa Monica,Condo/Twh,2,1.75,NA,1037,,NA,574000
Santa Monica,Condo/Twh,2,1.75,NA,1262,,NA,799000
Santa Monica,Condo/Twh,2,1.75,NA,1265,,NA,674000
Santa Monica,Condo/Twh,2,2,2,955,,NA,319900
Santa Monica,Condo/Twh,2,2,2,989,,NA,665000
Santa Monica,Condo/Twh,2,2,2,1014,,NA,279900
Santa Monica,Condo/Twh,2,2,2,1050,,NA,999000
Santa Monica,Condo/Twh,2,2,2,1285,,NA,799000
Santa Monica,Condo/Twh,2,2,2,1337,,NA,680000
Santa Monica,Condo/Twh,2,2,2,1437,,NA,650000
Santa Monica,Condo/Twh,2,2,2,1750,,NA,650000
Santa Monica,Condo/Twh,2,2,NA,804,,NA,699000
Santa Monica,Condo/Twh,2,2,NA,906,,NA,559000
Santa Monica,Condo/Twh,2,2,NA,924,,NA,459900
Santa Monica,Condo/Twh,2,2,NA,934,,NA,520000
Santa Monica,Condo/Twh,2,2,NA,953,,NA,364900
Santa Monica,Condo/Twh,2,2,NA,1013,,NA,615000
Santa Monica,Condo/Twh,2,2,NA,1019,,NA,539000
Santa Monica,Condo/Twh,2,2,NA,1019,,NA,588000
Santa Monica,Condo/Twh,2,2,NA,1072,,NA,599000
Santa Monica,Condo/Twh,2,2,NA,1257,,NA,575000
Santa Monica,Condo/Twh,2,2,NA,1305,,NA,849000
Santa Monica,Condo/Twh,2,2,NA,1396,,NA,1698000
Santa Monica,Condo/Twh,2,2,NA,1446,,NA,759000
Santa Monica,Condo/Twh,2,2,NA,1490,,NA,1580000
Santa Monica,Condo/Twh,2,2,NA,1541,,NA,1895000
Santa Monica,Condo/Twh,2,2,NA,1605,,NA,749000
Santa Monica,Condo/Twh,2,2.5,2,1390,,NA,815000
Santa Monica,Condo/Twh,2,2.5,2,1469,,NA,845000
Santa Monica,Condo/Twh,2,2.5,2,1740,,NA,898000
Santa Monica,Condo/Twh,2,2.5,2,1777,,NA,1295000
Santa Monica,Condo/Twh,2,2.5,NA,1187,,NA,599000
Santa Monica,Condo/Twh,2,2.5,NA,1252,,NA,699000
Santa Monica,Condo/Twh,2,2.5,NA,1283,,NA,599000
Santa Monica,Condo/Twh,2,2.5,NA,1315,,NA,689000
Santa Monica,Condo/Twh,2,2.5,NA,1400,,NA,819000
Santa Monica,Condo/Twh,2,2.5,NA,1400,,NA,899000
Santa Monica,Condo/Twh,2,2.5,NA,1401,,NA,489000
Santa Monica,Condo/Twh,2,2.5,NA,1550,,NA,869000
Santa Monica,Condo/Twh,2,2.5,NA,1600,,NA,869000
Santa Monica,Condo/Twh,2,2.5,NA,1600,,NA,939000
Santa Monica,Condo/Twh,2,2.5,NA,1620,,NA,699000
Santa Monica,Condo/Twh,2,2.5,NA,1652,,NA,649000
Santa Monica,Condo/Twh,2,2.5,NA,1653,,NA,799000
Santa Monica,Condo/Twh,2,2.5,NA,1800,,NA,1095000
Santa Monica,Condo/Twh,2,2.5,NA,1817,,NA,1229000
Santa Monica,Condo/Twh,2,2.5,NA,1916,,NA,1895000
Santa Monica,Condo/Twh,2,2.5,NA,1942,,NA,1525000
Santa Monica,Condo/Twh,2,2.5,NA,2312,,NA,1195000
Santa Monica,Condo/Twh,2,3,2,1400,,NA,819000
Santa Monica,Condo/Twh,2,3,2,1443,,NA,625000
Santa Monica,Condo/Twh,2,3,2,1757,,NA,1495000
Santa Monica,Condo/Twh,2,3,2,1800,,NA,1285000
Santa Monica,Condo/Twh,2,3,2,1870,,NA,819000
Santa Monica,Condo/Twh,2,3,NA,828,,NA,569000
Santa Monica,Condo/Twh,2,3,NA,1187,,NA,585000
Santa Monica,Condo/Twh,2,3,NA,1383,,NA,629000
Santa Monica,Condo/Twh,2,3,NA,1414,,NA,548000
Santa Monica,Condo/Twh,2,3,NA,1438,,NA,750000
Santa Monica,Condo/Twh,2,3,NA,1482,,NA,729000
Santa Monica,Condo/Twh,2,3,NA,1672,,NA,599000
Santa Monica,Condo/Twh,2,3,NA,1772,,NA,1350000
Santa Monica,Condo/Twh,2,3,NA,1857,,NA,1089000
Santa Monica,Condo/Twh,2,3,NA,2902,,NA,3480000
Santa Monica,Condo/Twh,2,3,NA,3140,,NA,3098000
Santa Monica,Condo/Twh,3,1.75,2,1480,,NA,749000
Santa Monica,Condo/Twh,3,1.75,NA,1728,,NA,779000
Santa Monica,Condo/Twh,3,2,NA,1158,,NA,649000
Santa Monica,Condo/Twh,3,2,NA,1341,,NA,599000
Santa Monica,Condo/Twh,3,2,NA,1460,,NA,699000
Santa Monica,Condo/Twh,3,2,NA,1465,,NA,599000
Santa Monica,Condo/Twh,3,2.5,2,1539,,NA,825000
Santa Monica,Condo/Twh,3,2.5,2,1948,,NA,849000
Santa Monica,Condo/Twh,3,2.5,2,2358,,NA,1149000
Santa Monica,Condo/Twh,3,2.5,NA,1338,,NA,749000
Santa Monica,Condo/Twh,3,2.5,NA,1609,,NA,839000
Santa Monica,Condo/Twh,3,2.5,NA,1718,,NA,899000
Santa Monica,Condo/Twh,3,2.5,NA,1757,,NA,999000
Santa Monica,Condo/Twh,3,2.5,NA,1926,,NA,1875000
Santa Monica,Condo/Twh,3,2.5,NA,2348,,NA,895000
Santa Monica,Condo/Twh,3,2.5,NA,2694,,NA,1995000
Santa Monica,Condo/Twh,3,3,2,1729,,NA,995000
Santa Monica,Condo/Twh,3,3,2,1757,,NA,995000
Santa Monica,Condo/Twh,3,3,NA,1737,,NA,718000
Santa Monica,Condo/Twh,3,3,NA,1744,,NA,1300000
Santa Monica,Condo/Twh,3,3,NA,1774,,NA,950000
Santa Monica,Condo/Twh,3,3,NA,2618,,NA,1099900
Santa Monica,Condo/Twh,3,3.5,NA,1600,,NA,975000
Santa Monica,Condo/Twh,3,3.5,NA,2023,,NA,828000
Santa Monica,Condo/Twh,3,3.5,NA,2210,,NA,3495000
Santa Monica,Condo/Twh,3,3.5,NA,4148,,NA,6125000
Santa Monica,Condo/Twh,3,4,2,2200,,NA,889000
Santa Monica,Condo/Twh,3,4,2,2372,,NA,999000
Santa Monica,Condo/Twh,3,4,3,2372,,NA,1199000
Santa Monica,SFR,1,1,NA,720,,NA,939900
Santa Monica,SFR,2,1,1,760,,NA,699900
Santa Monica,SFR,2,1,1,1032,,NA,682000
Santa Monica,SFR,2,1,2,1200,,NA,1690000
Santa Monica,SFR,2,1,NA,779,,NA,1365000
Santa Monica,SFR,2,1,NA,864,,NA,750000
Santa Monica,SFR,2,1,NA,869,,NA,685000
Santa Monica,SFR,2,1,NA,904,,NA,1150000
Santa Monica,SFR,2,1,NA,938,,NA,695000
Santa Monica,SFR,2,1,NA,940,,NA,799900
Santa Monica,SFR,2,1,NA,966,,NA,899000
Santa Monica,SFR,2,1,NA,972,,NA,845000
Santa Monica,SFR,2,1,NA,1011,,NA,845000
Santa Monica,SFR,2,1,NA,1100,,NA,799000
Santa Monica,SFR,2,1,NA,1120,,NA,974000
Santa Monica,SFR,2,1,NA,1281,,NA,769000
Santa Monica,SFR,2,1,NA,1368,,NA,1475000
Santa Monica,SFR,2,1,NA,3800,,NA,2395000
Santa Monica,SFR,2,1.5,NA,1456,,NA,899000
Santa Monica,SFR,2,1.5,NA,1669,,NA,1695000
Santa Monica,SFR,2,1.75,NA,1328,,NA,995000
Santa Monica,SFR,2,1.75,NA,1400,,NA,2650000
Santa Monica,SFR,2,2,2,916,,NA,785000
Santa Monica,SFR,2,2.75,NA,2354,Y,NA,1650000
Santa Monica,SFR,3,1,NA,876,,NA,815000
Santa Monica,SFR,3,1,NA,1306,,NA,999000
Santa Monica,SFR,3,1.5,NA,1279,,NA,850000
Santa Monica,SFR,3,2,NA,1183,,NA,850000
Santa Monica,SFR,3,2,NA,1199,,NA,924000
Santa Monica,SFR,3,2,NA,1229,,NA,899000
Santa Monica,SFR,3,2,NA,1419,,NA,769500
Santa Monica,SFR,3,2,NA,1668,,NA,1050000
Santa Monica,SFR,3,2,NA,1728,,NA,1395000
Santa Monica,SFR,3,2,NA,1754,,NA,949000
Santa Monica,SFR,3,2,NA,2099,Y,NA,1595000
Santa Monica,SFR,3,2.5,NA,3455,,NA,1999000
Santa Monica,SFR,3,3,3,1527,,NA,1299000
Santa Monica,SFR,3,3,NA,1732,,NA,999000
Santa Monica,SFR,3,3,NA,1850,,NA,1359000
Santa Monica,SFR,3,3,NA,2416,,NA,1700000
Santa Monica,SFR,3,3,NA,2948,,NA,2500000
Santa Monica,SFR,3,3.5,NA,2304,,NA,5250000
Santa Monica,SFR,3,4.5,2,2942,,NA,1699000
Santa Monica,SFR,3,4.5,2,4292,,NA,2999999
Santa Monica,SFR,3,4.5,NA,3817,Y,NA,7900000
Santa Monica,SFR,4,1.75,NA,1518,,NA,1249000
Santa Monica,SFR,4,2.75,NA,2100,,NA,1125000
Santa Monica,SFR,4,3,NA,3668,Y,NA,1850000
Santa Monica,SFR,4,3.5,2,3250,,NA,2650000
Santa Monica,SFR,4,4,2,3061,,NA,1650000
Santa Monica,SFR,4,4,NA,3012,,NA,1399000
Santa Monica,SFR,4,4,NA,3400,Y,NA,2095000
Santa Monica,SFR,4,4.5,NA,3668,,NA,1949000
Santa Monica,SFR,4,5.5,NA,4558,,NA,3250000
Santa Monica,SFR,5,3.5,2,2803,Y,NA,2499900
Santa Monica,SFR,5,4,NA,3000,,NA,2895000
Santa Monica,SFR,5,4,NA,3800,,NA,3499000
Santa Monica,SFR,5,4,NA,3829,,NA,2395000
Santa Monica,SFR,5,5,2,4628,,NA,2400000
Santa Monica,SFR,5,5.5,NA,4800,,NA,3500000
Santa Monica,SFR,5,5.5,NA,6505,,NA,3495000
Santa Monica,SFR,5,6,NA,4700,,NA,2795000
Santa Monica,SFR,5,6,NA,4984,,NA,3995000
Santa Monica,SFR,5,6.5,NA,6799,,NA,8250000
Santa Monica,SFR,6,5,2,5900,Y,NA,4395000
Santa Monica,SFR,6,6,NA,7100,,NA,4488000
Santa Monica,SFR,6,6,NA,7203,,NA,2800000
Santa Monica,SFR,6,6.5,NA,4700,,NA,2425000
Westwood,Condo/Twh,0,1,NA,561,,NA,319000
Westwood,Condo/Twh,1,1,2,832,,NA,339000
Westwood,Condo/Twh,1,1,NA,625,,NA,365000
Westwood,Condo/Twh,1,1,NA,767,,NA,365000
Westwood,Condo/Twh,1,1,NA,786,,NA,329000
Westwood,Condo/Twh,1,1.5,2,1133,,NA,485000
Westwood,Condo/Twh,1,1.5,NA,947,,NA,479000
Westwood,Condo/Twh,1,1.5,NA,1167,,NA,675000
Westwood,Condo/Twh,1,2,NA,1065,,NA,407000
Westwood,Condo/Twh,2,1,NA,794,,NA,349000
Westwood,Condo/Twh,2,1.75,NA,989,,NA,449000
Westwood,Condo/Twh,2,1.75,NA,995,,NA,459000
Westwood,Condo/Twh,2,2,2,777,,NA,399000
Westwood,Condo/Twh,2,2,2,853,,NA,349000
Westwood,Condo/Twh,2,2,2,898,,NA,429000
Westwood,Condo/Twh,2,2,2,1205,,NA,499000
Westwood,Condo/Twh,2,2,2,1511,,NA,679000
Westwood,Condo/Twh,2,2,2,1640,,NA,649000
Westwood,Condo/Twh,2,2,2,1694,,NA,579000
Westwood,Condo/Twh,2,2,NA,1050,,NA,449000
Westwood,Condo/Twh,2,2,NA,1080,,NA,459000
Westwood,Condo/Twh,2,2,NA,1082,,NA,465000
Westwood,Condo/Twh,2,2,NA,1117,,NA,488000
Westwood,Condo/Twh,2,2,NA,1146,,NA,495000
Westwood,Condo/Twh,2,2,NA,1150,,NA,569000
Westwood,Condo/Twh,2,2,NA,1163,,NA,449000
Westwood,Condo/Twh,2,2,NA,1189,,NA,499000
Westwood,Condo/Twh,2,2,NA,1331,,NA,699900
Westwood,Condo/Twh,2,2,NA,1379,,NA,509000
Westwood,Condo/Twh,2,2,NA,1454,,NA,549000
Westwood,Condo/Twh,2,2,NA,1508,,NA,589000
Westwood,Condo/Twh,2,2,NA,1517,,NA,679000
Westwood,Condo/Twh,2,2,NA,1532,,NA,626400
Westwood,Condo/Twh,2,2.5,2,1192,,NA,549000
Westwood,Condo/Twh,2,2.5,2,1526,,NA,699000
Westwood,Condo/Twh,2,2.5,2,1828,,NA,739000
Westwood,Condo/Twh,2,2.5,NA,1200,,NA,539000
Westwood,Condo/Twh,2,2.5,NA,1274,,NA,479000
Westwood,Condo/Twh,2,2.5,NA,1334,,NA,659000
Westwood,Condo/Twh,2,2.5,NA,1380,,NA,689000
Westwood,Condo/Twh,2,2.5,NA,1403,,NA,649000
Westwood,Condo/Twh,2,2.5,NA,1475,,NA,680000
Westwood,Condo/Twh,2,2.5,NA,1516,,NA,695000
Westwood,Condo/Twh,2,2.5,NA,1549,,NA,780000
Westwood,Condo/Twh,2,2.5,NA,1612,,NA,569000
Westwood,Condo/Twh,2,2.5,NA,1700,,NA,777000
Westwood,Condo/Twh,2,2.5,NA,1774,,NA,675000
Westwood,Condo/Twh,2,2.5,NA,1774,,NA,699000
Westwood,Condo/Twh,2,2.5,NA,1900,,NA,795000
Westwood,Condo/Twh,2,2.5,NA,1900,,NA,849000
Westwood,Condo/Twh,2,2.5,NA,1900,,NA,995000
Westwood,Condo/Twh,2,2.5,NA,2031,,NA,699000
Westwood,Condo/Twh,2,3,2,1540,,NA,625000
Westwood,Condo/Twh,2,3,2,1643,,NA,749000
Westwood,Condo/Twh,2,3,NA,1620,,NA,649000
Westwood,Condo/Twh,2,3,NA,1800,,NA,649000
Westwood,Condo/Twh,2,3,NA,2310,,NA,1145000
Westwood,Condo/Twh,3,2,2,1603,,NA,640000
Westwood,Condo/Twh,3,2,2,1913,,NA,695000
Westwood,Condo/Twh,3,2,NA,1300,,NA,549000
Westwood,Condo/Twh,3,2,NA,1549,,NA,675000
Westwood,Condo/Twh,3,2,NA,1662,,NA,650000
Westwood,Condo/Twh,3,2,NA,1697,,NA,735000
Westwood,Condo/Twh,3,2,NA,1800,,NA,744000
Westwood,Condo/Twh,3,2.5,2,1733,,NA,779000
Westwood,Condo/Twh,3,2.5,2,1900,,NA,879900
Westwood,Condo/Twh,3,2.5,2,2118,,NA,849000
Westwood,Condo/Twh,3,2.5,NA,1534,,NA,925000
Westwood,Condo/Twh,3,2.5,NA,1536,,NA,699000
Westwood,Condo/Twh,3,2.5,NA,1620,,NA,699000
Westwood,Condo/Twh,3,2.5,NA,1703,,NA,749000
Westwood,Condo/Twh,3,2.5,NA,1812,,NA,799000
Westwood,Condo/Twh,3,2.5,NA,1832,,NA,759000
Westwood,Condo/Twh,3,2.5,NA,1832,,NA,799000
Westwood,Condo/Twh,3,2.5,NA,1847,,NA,899000
Westwood,Condo/Twh,3,2.5,NA,1887,,NA,739000
Westwood,Condo/Twh,3,2.5,NA,2662,,NA,925000
Westwood,Condo/Twh,3,2.5,NA,2800,,NA,1075000
Westwood,Condo/Twh,3,3,2,1487,,NA,699000
Westwood,Condo/Twh,3,3,NA,1468,,NA,549000
Westwood,Condo/Twh,3,3,NA,1693,,NA,599000
Westwood,Condo/Twh,3,3,NA,1870,,NA,799000
Westwood,Condo/Twh,3,3,NA,2200,,NA,834500
Westwood,Condo/Twh,3,3.5,NA,1361,,NA,519000
Westwood,Condo/Twh,3,3.5,NA,1361,,NA,519000
Westwood,Condo/Twh,3,3.5,NA,2650,,NA,995000
Westwood,Condo/Twh,4,2.5,2,1830,,NA,750000
Westwood,SFR,2,1,NA,810,,NA,675000
Westwood,SFR,2,1,NA,968,,NA,789000
Westwood,SFR,2,1,NA,1240,,NA,895000
Westwood,SFR,3,1.25,NA,1594,,NA,949000
Westwood,SFR,3,2,2,1579,,NA,1034000
Westwood,SFR,3,2.5,NA,2372,Y,NA,1250000
Westwood,SFR,3,3,2,1870,,NA,1350000
Westwood,SFR,3,3,NA,1488,,NA,1198000
Westwood,SFR,5,3.5,NA,3656,,NA,1995000
