rank,male,female,year
1,John,Mary,1880
2,William,Anna,1880
3,James,Emma,1880
4,Charles,Elizabeth,1880
5,George,Minnie,1880
6,Frank,Margaret,1880
7,Joseph,Ida,1880
8,Thomas,Alice,1880
9,Henry,Bertha,1880
10,Robert,Sarah,1880
11,Edward,Annie,1880
12,Harry,Clara,1880
13,Walter,Ella,1880
14,Arthur,Florence,1880
15,Fred,Cora,1880
16,Albert,Martha,1880
17,Samuel,Laura,1880
18,David,Nellie,1880
19,Louis,Grace,1880
20,Joe,Carrie,1880
1,John,Mary,1881
2,William,Anna,1881
3,James,Emma,1881
4,George,Elizabeth,1881
5,Charles,Margaret,1881
6,Frank,Minnie,1881
7,Joseph,Ida,1881
8,Henry,Annie,1881
9,Thomas,Bertha,1881
10,Edward,Alice,1881
11,Robert,Clara,1881
12,Harry,Sarah,1881
13,Walter,Ella,1881
14,Arthur,Nellie,1881
15,Fred,Grace,1881
16,Albert,Florence,1881
17,Samuel,Martha,1881
18,David,Cora,1881
19,Louis,Laura,1881
20,Charlie,Carrie,1881
1,John,Mary,1882
2,William,Anna,1882
3,James,Emma,1882
4,George,Elizabeth,1882
5,Charles,Minnie,1882
6,Frank,Margaret,1882
7,Joseph,Ida,1882
8,Thomas,Alice,1882
9,Henry,Bertha,1882
10,Robert,Annie,1882
11,Edward,Clara,1882
12,Harry,Sarah,1882
13,Walter,Florence,1882
14,Arthur,Martha,1882
15,Fred,Ella,1882
16,Albert,Grace,1882
17,Samuel,Laura,1882
18,Louis,Bessie,1882
19,David,Nellie,1882
20,Clarence,Maude,1882
1,John,Mary,1883
2,William,Anna,1883
3,James,Emma,1883
4,Charles,Elizabeth,1883
5,George,Minnie,1883
6,Frank,Margaret,1883
7,Joseph,Bertha,1883
8,Henry,Ida,1883
9,Robert,Annie,1883
10,Thomas,Clara,1883
11,Edward,Alice,1883
12,Harry,Sarah,1883
13,Walter,Grace,1883
14,Arthur,Florence,1883
15,Fred,Martha,1883
16,Albert,Ella,1883
17,Samuel,Nellie,1883
18,Clarence,Bessie,1883
19,Louis,Laura,1883
20,David,Ethel,1883
1,John,Mary,1884
2,William,Anna,1884
3,James,Emma,1884
4,George,Elizabeth,1884
5,Charles,Minnie,1884
6,Frank,Margaret,1884
7,Joseph,Ida,1884
8,Thomas,Clara,1884
9,Henry,Bertha,1884
10,Robert,Annie,1884
11,Edward,Alice,1884
12,Harry,Florence,1884
13,Walter,Grace,1884
14,Arthur,Sarah,1884
15,Fred,Bessie,1884
16,Albert,Martha,1884
17,Samuel,Nellie,1884
18,Clarence,Ethel,1884
19,Louis,Ella,1884
20,Grover,Mabel,1884
1,John,Mary,1885
2,William,Anna,1885
3,James,Emma,1885
4,George,Elizabeth,1885
5,Charles,Margaret,1885
6,Frank,Minnie,1885
7,Joseph,Clara,1885
8,Henry,Bertha,1885
9,Robert,Ida,1885
10,Thomas,Annie,1885
11,Edward,Alice,1885
12,Harry,Florence,1885
13,Walter,Bessie,1885
14,Fred,Grace,1885
15,Arthur,Ethel,1885
16,Albert,Nellie,1885
17,Clarence,Martha,1885
18,Samuel,Sarah,1885
19,Louis,Ella,1885
20,Grover,Mabel,1885
1,John,Mary,1886
2,William,Anna,1886
3,James,Emma,1886
4,George,Elizabeth,1886
5,Charles,Minnie,1886
6,Frank,Margaret,1886
7,Joseph,Ida,1886
8,Robert,Bertha,1886
9,Henry,Clara,1886
10,Thomas,Florence,1886
11,Edward,Alice,1886
12,Harry,Bessie,1886
13,Walter,Annie,1886
14,Arthur,Grace,1886
15,Fred,Ethel,1886
16,Albert,Sarah,1886
17,Clarence,Nellie,1886
18,Samuel,Martha,1886
19,Louis,Ella,1886
20,Roy,Mabel,1886
1,John,Mary,1887
2,William,Anna,1887
3,James,Elizabeth,1887
4,George,Emma,1887
5,Charles,Margaret,1887
6,Frank,Minnie,1887
7,Joseph,Bertha,1887
8,Henry,Clara,1887
9,Thomas,Florence,1887
10,Edward,Ida,1887
11,Robert,Ethel,1887
12,Harry,Annie,1887
13,Walter,Bessie,1887
14,Arthur,Alice,1887
15,Fred,Grace,1887
16,Albert,Ella,1887
17,Clarence,Martha,1887
18,Samuel,Mabel,1887
19,Louis,Nellie,1887
20,Roy,Sarah,1887
1,John,Mary,1888
2,William,Anna,1888
3,James,Elizabeth,1888
4,George,Emma,1888
5,Charles,Margaret,1888
6,Frank,Minnie,1888
7,Joseph,Bertha,1888
8,Robert,Florence,1888
9,Harry,Ethel,1888
10,Henry,Bessie,1888
11,Edward,Clara,1888
12,Thomas,Ida,1888
13,Walter,Alice,1888
14,Arthur,Annie,1888
15,Fred,Grace,1888
16,Albert,Helen,1888
17,Clarence,Mabel,1888
18,Samuel,Ella,1888
19,Louis,Martha,1888
20,Roy,Sarah,1888
1,John,Mary,1889
2,William,Anna,1889
3,James,Elizabeth,1889
4,George,Margaret,1889
5,Charles,Emma,1889
6,Frank,Minnie,1889
7,Joseph,Florence,1889
8,Harry,Ethel,1889
9,Robert,Bessie,1889
10,Edward,Clara,1889
11,Henry,Bertha,1889
12,Thomas,Alice,1889
13,Walter,Annie,1889
14,Arthur,Ida,1889
15,Fred,Grace,1889
16,Albert,Mabel,1889
17,Clarence,Helen,1889
18,Roy,Edna,1889
19,Louis,Nellie,1889
20,Samuel,Sarah,1889
1,John,Mary,1890
2,William,Anna,1890
3,James,Elizabeth,1890
4,George,Margaret,1890
5,Charles,Emma,1890
6,Frank,Florence,1890
7,Joseph,Ethel,1890
8,Robert,Minnie,1890
9,Henry,Clara,1890
10,Harry,Bertha,1890
11,Edward,Bessie,1890
12,Thomas,Helen,1890
13,Walter,Grace,1890
14,Arthur,Alice,1890
15,Fred,Annie,1890
16,Albert,Ida,1890
17,Clarence,Mabel,1890
18,Roy,Edna,1890
19,Louis,Lillian,1890
20,Samuel,Nellie,1890
1,John,Mary,1891
2,William,Anna,1891
3,James,Margaret,1891
4,George,Elizabeth,1891
5,Charles,Emma,1891
6,Frank,Florence,1891
7,Joseph,Ethel,1891
8,Robert,Minnie,1891
9,Harry,Helen,1891
10,Henry,Bertha,1891
11,Edward,Clara,1891
12,Thomas,Bessie,1891
13,Walter,Annie,1891
14,Arthur,Grace,1891
15,Fred,Mabel,1891
16,Albert,Alice,1891
17,Clarence,Ida,1891
18,Roy,Edna,1891
19,Louis,Ruth,1891
20,Samuel,Lillian,1891
1,John,Mary,1892
2,William,Anna,1892
3,James,Elizabeth,1892
4,George,Margaret,1892
5,Charles,Ruth,1892
6,Frank,Florence,1892
7,Joseph,Emma,1892
8,Robert,Ethel,1892
9,Harry,Helen,1892
10,Henry,Clara,1892
11,Edward,Bertha,1892
12,Thomas,Minnie,1892
13,Walter,Bessie,1892
14,Arthur,Alice,1892
15,Fred,Annie,1892
16,Albert,Grace,1892
17,Clarence,Ida,1892
18,Roy,Edna,1892
19,Willie,Mabel,1892
20,Samuel,Lillian,1892
1,John,Mary,1893
2,William,Anna,1893
3,James,Ruth,1893
4,George,Margaret,1893
5,Charles,Elizabeth,1893
6,Joseph,Helen,1893
7,Frank,Florence,1893
8,Robert,Ethel,1893
9,Edward,Emma,1893
10,Harry,Bertha,1893
11,Henry,Clara,1893
12,Thomas,Minnie,1893
13,Walter,Alice,1893
14,Arthur,Edna,1893
15,Fred,Bessie,1893
16,Albert,Grace,1893
17,Clarence,Annie,1893
18,Roy,Ida,1893
19,Willie,Marie,1893
20,Samuel,Lillian,1893
1,John,Mary,1894
2,William,Anna,1894
3,James,Margaret,1894
4,George,Helen,1894
5,Charles,Elizabeth,1894
6,Joseph,Ruth,1894
7,Frank,Ethel,1894
8,Robert,Florence,1894
9,Henry,Emma,1894
10,Harry,Marie,1894
11,Edward,Clara,1894
12,Thomas,Minnie,1894
13,Walter,Bessie,1894
14,Arthur,Bertha,1894
15,Fred,Edna,1894
16,Albert,Lillian,1894
17,Clarence,Alice,1894
18,Roy,Annie,1894
19,Willie,Grace,1894
20,Earl,Mabel,1894
1,John,Mary,1895
2,William,Anna,1895
3,James,Helen,1895
4,George,Margaret,1895
5,Charles,Elizabeth,1895
6,Frank,Ruth,1895
7,Joseph,Florence,1895
8,Robert,Ethel,1895
9,Henry,Marie,1895
10,Edward,Emma,1895
11,Thomas,Bertha,1895
12,Harry,Clara,1895
13,Walter,Minnie,1895
14,Arthur,Edna,1895
15,Fred,Bessie,1895
16,Albert,Lillian,1895
17,Clarence,Alice,1895
18,Willie,Grace,1895
19,Roy,Annie,1895
20,Paul,Mabel,1895
1,John,Mary,1896
2,William,Anna,1896
3,James,Helen,1896
4,George,Margaret,1896
5,Charles,Ruth,1896
6,Joseph,Ethel,1896
7,Frank,Elizabeth,1896
8,Robert,Florence,1896
9,Edward,Marie,1896
10,Henry,Emma,1896
11,Harry,Lillian,1896
12,Thomas,Alice,1896
13,Walter,Edna,1896
14,Arthur,Clara,1896
15,Albert,Bertha,1896
16,Fred,Minnie,1896
17,Clarence,Grace,1896
18,Willie,Bessie,1896
19,Roy,Annie,1896
20,Paul,Rose,1896
1,John,Mary,1897
2,William,Anna,1897
3,James,Helen,1897
4,George,Margaret,1897
5,Charles,Ruth,1897
6,Joseph,Elizabeth,1897
7,Frank,Florence,1897
8,Robert,Ethel,1897
9,Edward,Marie,1897
10,Henry,Emma,1897
11,Thomas,Lillian,1897
12,Walter,Edna,1897
13,Harry,Bertha,1897
14,Arthur,Grace,1897
15,Albert,Clara,1897
16,Fred,Alice,1897
17,Clarence,Bessie,1897
18,Willie,Hazel,1897
19,Roy,Rose,1897
20,Paul,Annie,1897
1,John,Mary,1898
2,William,Anna,1898
3,James,Helen,1898
4,George,Margaret,1898
5,Charles,Ruth,1898
6,Joseph,Florence,1898
7,Robert,Elizabeth,1898
8,Frank,Ethel,1898
9,Edward,Marie,1898
10,Thomas,Lillian,1898
11,Henry,Alice,1898
12,Harry,Edna,1898
13,Walter,Emma,1898
14,Arthur,Clara,1898
15,Fred,Grace,1898
16,Albert,Bessie,1898
17,Clarence,Bertha,1898
18,Willie,Annie,1898
19,Dewey,Hazel,1898
20,Roy,Rose,1898
1,John,Mary,1899
2,William,Anna,1899
3,James,Helen,1899
4,George,Margaret,1899
5,Charles,Ruth,1899
6,Joseph,Florence,1899
7,Robert,Elizabeth,1899
8,Frank,Marie,1899
9,Edward,Ethel,1899
10,Henry,Lillian,1899
11,Thomas,Edna,1899
12,Walter,Alice,1899
13,Harry,Emma,1899
14,Arthur,Clara,1899
15,Albert,Grace,1899
16,Fred,Bertha,1899
17,Clarence,Mildred,1899
18,Willie,Annie,1899
19,Harold,Bessie,1899
20,Roy,Gladys,1899
1,John,Mary,1900
2,William,Helen,1900
3,James,Anna,1900
4,George,Margaret,1900
5,Charles,Ruth,1900
6,Robert,Elizabeth,1900
7,Joseph,Florence,1900
8,Frank,Ethel,1900
9,Edward,Marie,1900
10,Henry,Lillian,1900
11,Thomas,Annie,1900
12,Walter,Edna,1900
13,Harry,Emma,1900
14,Willie,Alice,1900
15,Arthur,Bessie,1900
16,Albert,Bertha,1900
17,Fred,Grace,1900
18,Clarence,Rose,1900
19,Paul,Clara,1900
20,Harold,Mildred,1900
1,John,Mary,1901
2,William,Helen,1901
3,James,Anna,1901
4,George,Margaret,1901
5,Charles,Ruth,1901
6,Joseph,Elizabeth,1901
7,Robert,Marie,1901
8,Frank,Florence,1901
9,Edward,Ethel,1901
10,Henry,Lillian,1901
11,Thomas,Gladys,1901
12,Walter,Alice,1901
13,Harry,Edna,1901
14,Arthur,Mildred,1901
15,Albert,Grace,1901
16,Willie,Annie,1901
17,Clarence,Emma,1901
18,Fred,Clara,1901
19,Paul,Bertha,1901
20,Roy,Rose,1901
1,John,Mary,1902
2,William,Helen,1902
3,James,Anna,1902
4,George,Margaret,1902
5,Charles,Ruth,1902
6,Robert,Elizabeth,1902
7,Joseph,Florence,1902
8,Frank,Marie,1902
9,Edward,Ethel,1902
10,Henry,Alice,1902
11,Thomas,Lillian,1902
12,Walter,Gladys,1902
13,Harry,Edna,1902
14,Willie,Mildred,1902
15,Arthur,Dorothy,1902
16,Albert,Annie,1902
17,Clarence,Grace,1902
18,Fred,Emma,1902
19,Harold,Bessie,1902
20,Paul,Rose,1902
1,John,Mary,1903
2,William,Helen,1903
3,James,Anna,1903
4,George,Margaret,1903
5,Charles,Ruth,1903
6,Joseph,Elizabeth,1903
7,Robert,Marie,1903
8,Frank,Florence,1903
9,Edward,Ethel,1903
10,Thomas,Mildred,1903
11,Henry,Dorothy,1903
12,Walter,Alice,1903
13,Harry,Lillian,1903
14,Willie,Gladys,1903
15,Arthur,Edna,1903
16,Albert,Grace,1903
17,Clarence,Annie,1903
18,Fred,Rose,1903
19,Paul,Frances,1903
20,Harold,Clara,1903
1,John,Mary,1904
2,William,Helen,1904
3,James,Anna,1904
4,George,Margaret,1904
5,Robert,Ruth,1904
6,Charles,Elizabeth,1904
7,Joseph,Marie,1904
8,Frank,Florence,1904
9,Edward,Mildred,1904
10,Henry,Dorothy,1904
11,Thomas,Ethel,1904
12,Walter,Lillian,1904
13,Harry,Alice,1904
14,Willie,Gladys,1904
15,Arthur,Edna,1904
16,Albert,Frances,1904
17,Clarence,Annie,1904
18,Fred,Rose,1904
19,Paul,Grace,1904
20,Harold,Bertha,1904
1,John,Mary,1905
2,William,Helen,1905
3,James,Margaret,1905
4,George,Anna,1905
5,Charles,Ruth,1905
6,Robert,Elizabeth,1905
7,Joseph,Dorothy,1905
8,Frank,Mildred,1905
9,Edward,Marie,1905
10,Thomas,Alice,1905
11,Henry,Florence,1905
12,Walter,Ethel,1905
13,Willie,Lillian,1905
14,Harry,Gladys,1905
15,Albert,Edna,1905
16,Arthur,Frances,1905
17,Clarence,Annie,1905
18,Fred,Rose,1905
19,Paul,Grace,1905
20,Harold,Bessie,1905
1,John,Mary,1906
2,William,Helen,1906
3,James,Margaret,1906
4,George,Anna,1906
5,Robert,Ruth,1906
6,Charles,Dorothy,1906
7,Joseph,Elizabeth,1906
8,Frank,Alice,1906
9,Edward,Mildred,1906
10,Thomas,Florence,1906
11,Henry,Marie,1906
12,Walter,Ethel,1906
13,Willie,Lillian,1906
14,Harry,Frances,1906
15,Arthur,Edna,1906
16,Albert,Gladys,1906
17,Harold,Rose,1906
18,Clarence,Annie,1906
19,Paul,Grace,1906
20,Fred,Irene,1906
1,John,Mary,1907
2,William,Helen,1907
3,James,Margaret,1907
4,George,Anna,1907
5,Robert,Ruth,1907
6,Charles,Dorothy,1907
7,Joseph,Elizabeth,1907
8,Frank,Mildred,1907
9,Edward,Alice,1907
10,Henry,Marie,1907
11,Thomas,Florence,1907
12,Walter,Ethel,1907
13,Willie,Lillian,1907
14,Harry,Gladys,1907
15,Albert,Edna,1907
16,Arthur,Frances,1907
17,Harold,Rose,1907
18,Clarence,Evelyn,1907
19,Fred,Annie,1907
20,Paul,Grace,1907
1,John,Mary,1908
2,William,Helen,1908
3,James,Margaret,1908
4,George,Ruth,1908
5,Robert,Anna,1908
6,Joseph,Dorothy,1908
7,Charles,Elizabeth,1908
8,Frank,Mildred,1908
9,Edward,Alice,1908
10,Thomas,Marie,1908
11,Henry,Florence,1908
12,Walter,Ethel,1908
13,Willie,Lillian,1908
14,Harry,Frances,1908
15,Albert,Gladys,1908
16,Arthur,Rose,1908
17,Harold,Edna,1908
18,Paul,Louise,1908
19,Clarence,Grace,1908
20,Fred,Evelyn,1908
1,John,Mary,1909
2,William,Helen,1909
3,James,Margaret,1909
4,George,Ruth,1909
5,Robert,Dorothy,1909
6,Joseph,Anna,1909
7,Charles,Elizabeth,1909
8,Frank,Mildred,1909
9,Edward,Marie,1909
10,Thomas,Alice,1909
11,Henry,Florence,1909
12,Walter,Frances,1909
13,Willie,Ethel,1909
14,Harry,Lillian,1909
15,Albert,Gladys,1909
16,Harold,Edna,1909
17,Paul,Rose,1909
18,Arthur,Evelyn,1909
19,Clarence,Louise,1909
20,Raymond,Irene,1909
1,John,Mary,1910
2,James,Helen,1910
3,William,Margaret,1910
4,Robert,Dorothy,1910
5,George,Ruth,1910
6,Joseph,Anna,1910
7,Charles,Elizabeth,1910
8,Frank,Mildred,1910
9,Edward,Marie,1910
10,Henry,Alice,1910
11,Willie,Frances,1910
12,Thomas,Florence,1910
13,Walter,Ethel,1910
14,Albert,Lillian,1910
15,Paul,Gladys,1910
16,Harry,Rose,1910
17,Arthur,Evelyn,1910
18,Harold,Edna,1910
19,Raymond,Annie,1910
20,Clarence,Louise,1910
1,John,Mary,1911
2,William,Helen,1911
3,James,Margaret,1911
4,George,Dorothy,1911
5,Robert,Ruth,1911
6,Joseph,Anna,1911
7,Charles,Elizabeth,1911
8,Frank,Mildred,1911
9,Edward,Marie,1911
10,Thomas,Frances,1911
11,Henry,Alice,1911
12,Walter,Florence,1911
13,Harry,Lillian,1911
14,Willie,Rose,1911
15,Albert,Ethel,1911
16,Harold,Evelyn,1911
17,Paul,Edna,1911
18,Arthur,Gladys,1911
19,Raymond,Louise,1911
20,Richard,Catherine,1911
1,John,Mary,1912
2,William,Helen,1912
3,James,Dorothy,1912
4,Robert,Margaret,1912
5,Joseph,Ruth,1912
6,George,Mildred,1912
7,Charles,Anna,1912
8,Edward,Elizabeth,1912
9,Frank,Frances,1912
10,Thomas,Marie,1912
11,Walter,Alice,1912
12,Henry,Florence,1912
13,Harold,Evelyn,1912
14,Paul,Lillian,1912
15,Arthur,Rose,1912
16,Harry,Edna,1912
17,Albert,Louise,1912
18,Raymond,Ethel,1912
19,Richard,Gladys,1912
20,Louis,Virginia,1912
1,John,Mary,1913
2,William,Helen,1913
3,James,Dorothy,1913
4,Robert,Margaret,1913
5,Joseph,Ruth,1913
6,George,Mildred,1913
7,Charles,Anna,1913
8,Edward,Elizabeth,1913
9,Frank,Frances,1913
10,Thomas,Marie,1913
11,Walter,Alice,1913
12,Henry,Evelyn,1913
13,Harold,Florence,1913
14,Paul,Rose,1913
15,Harry,Virginia,1913
16,Albert,Lillian,1913
17,Arthur,Louise,1913
18,Raymond,Edna,1913
19,Richard,Gladys,1913
20,Louis,Ethel,1913
1,John,Mary,1914
2,William,Helen,1914
3,James,Dorothy,1914
4,Robert,Margaret,1914
5,Joseph,Ruth,1914
6,George,Anna,1914
7,Charles,Mildred,1914
8,Edward,Elizabeth,1914
9,Frank,Frances,1914
10,Walter,Marie,1914
11,Thomas,Evelyn,1914
12,Henry,Alice,1914
13,Paul,Florence,1914
14,Harold,Virginia,1914
15,Albert,Rose,1914
16,Raymond,Lillian,1914
17,Richard,Louise,1914
18,Arthur,Catherine,1914
19,Harry,Edna,1914
20,Louis,Gladys,1914
1,John,Mary,1915
2,William,Helen,1915
3,James,Dorothy,1915
4,Robert,Margaret,1915
5,Joseph,Ruth,1915
6,George,Mildred,1915
7,Charles,Anna,1915
8,Edward,Elizabeth,1915
9,Frank,Frances,1915
10,Thomas,Evelyn,1915
11,Walter,Marie,1915
12,Harold,Virginia,1915
13,Paul,Alice,1915
14,Henry,Florence,1915
15,Richard,Lillian,1915
16,Raymond,Rose,1915
17,Albert,Irene,1915
18,Arthur,Louise,1915
19,Harry,Catherine,1915
20,Donald,Edna,1915
1,John,Mary,1916
2,William,Helen,1916
3,James,Dorothy,1916
4,Robert,Margaret,1916
5,Joseph,Ruth,1916
6,Charles,Mildred,1916
7,George,Anna,1916
8,Edward,Elizabeth,1916
9,Frank,Frances,1916
10,Thomas,Virginia,1916
11,Walter,Evelyn,1916
12,Paul,Marie,1916
13,Harold,Alice,1916
14,Henry,Florence,1916
15,Richard,Rose,1916
16,Raymond,Lillian,1916
17,Albert,Irene,1916
18,Arthur,Louise,1916
19,Harry,Edna,1916
20,Donald,Catherine,1916
1,John,Mary,1917
2,William,Helen,1917
3,James,Dorothy,1917
4,Robert,Margaret,1917
5,Joseph,Ruth,1917
6,George,Mildred,1917
7,Charles,Anna,1917
8,Edward,Elizabeth,1917
9,Frank,Frances,1917
10,Thomas,Virginia,1917
11,Walter,Evelyn,1917
12,Harold,Marie,1917
13,Paul,Alice,1917
14,Richard,Florence,1917
15,Henry,Lillian,1917
16,Raymond,Rose,1917
17,Arthur,Irene,1917
18,Albert,Catherine,1917
19,Harry,Louise,1917
20,Donald,Edna,1917
1,John,Mary,1918
2,William,Helen,1918
3,James,Dorothy,1918
4,Robert,Margaret,1918
5,Charles,Ruth,1918
6,George,Mildred,1918
7,Joseph,Virginia,1918
8,Edward,Frances,1918
9,Frank,Elizabeth,1918
10,Thomas,Anna,1918
11,Walter,Evelyn,1918
12,Richard,Marie,1918
13,Harold,Alice,1918
14,Paul,Florence,1918
15,Raymond,Lillian,1918
16,Henry,Irene,1918
17,Arthur,Rose,1918
18,Donald,Louise,1918
19,Albert,Doris,1918
20,Harry,Catherine,1918
1,John,Mary,1919
2,William,Helen,1919
3,James,Dorothy,1919
4,Robert,Margaret,1919
5,Charles,Ruth,1919
6,George,Mildred,1919
7,Joseph,Virginia,1919
8,Edward,Elizabeth,1919
9,Frank,Frances,1919
10,Thomas,Anna,1919
11,Walter,Evelyn,1919
12,Richard,Marie,1919
13,Harold,Alice,1919
14,Raymond,Florence,1919
15,Paul,Betty,1919
16,Henry,Irene,1919
17,Donald,Lillian,1919
18,Albert,Doris,1919
19,Arthur,Rose,1919
20,Harry,Louise,1919
1,John,Mary,1920
2,William,Dorothy,1920
3,Robert,Helen,1920
4,James,Margaret,1920
5,Charles,Ruth,1920
6,George,Mildred,1920
7,Joseph,Virginia,1920
8,Edward,Elizabeth,1920
9,Frank,Frances,1920
10,Richard,Anna,1920
11,Thomas,Betty,1920
12,Harold,Evelyn,1920
13,Walter,Marie,1920
14,Paul,Doris,1920
15,Raymond,Alice,1920
16,Donald,Florence,1920
17,Henry,Irene,1920
18,Arthur,Lillian,1920
19,Albert,Louise,1920
20,Jack,Rose,1920
1,John,Mary,1921
2,Robert,Dorothy,1921
3,William,Helen,1921
4,James,Margaret,1921
5,Charles,Ruth,1921
6,George,Virginia,1921
7,Joseph,Mildred,1921
8,Edward,Betty,1921
9,Frank,Frances,1921
10,Richard,Elizabeth,1921
11,Thomas,Anna,1921
12,Harold,Evelyn,1921
13,Donald,Doris,1921
14,Paul,Marie,1921
15,Walter,Alice,1921
16,Raymond,Marjorie,1921
17,Henry,Florence,1921
18,Jack,Irene,1921
19,Arthur,Lillian,1921
20,Albert,Rose,1921
1,John,Mary,1922
2,Robert,Dorothy,1922
3,William,Helen,1922
4,James,Margaret,1922
5,Charles,Ruth,1922
6,George,Betty,1922
7,Joseph,Virginia,1922
8,Edward,Mildred,1922
9,Richard,Elizabeth,1922
10,Frank,Frances,1922
11,Thomas,Doris,1922
12,Donald,Anna,1922
13,Harold,Evelyn,1922
14,Paul,Marie,1922
15,Walter,Alice,1922
16,Raymond,Marjorie,1922
17,Henry,Irene,1922
18,Jack,Florence,1922
19,Arthur,Lillian,1922
20,Albert,Jean,1922
1,John,Mary,1923
2,Robert,Dorothy,1923
3,William,Helen,1923
4,James,Margaret,1923
5,Charles,Betty,1923
6,George,Ruth,1923
7,Joseph,Virginia,1923
8,Edward,Mildred,1923
9,Richard,Elizabeth,1923
10,Donald,Frances,1923
11,Frank,Doris,1923
12,Thomas,Evelyn,1923
13,Harold,Anna,1923
14,Paul,Marie,1923
15,Raymond,Alice,1923
16,Walter,Marjorie,1923
17,Jack,Irene,1923
18,Henry,Florence,1923
19,Arthur,Jean,1923
20,Albert,Lillian,1923
1,Robert,Mary,1924
2,John,Dorothy,1924
3,William,Helen,1924
4,James,Betty,1924
5,Charles,Margaret,1924
6,George,Ruth,1924
7,Joseph,Virginia,1924
8,Richard,Mildred,1924
9,Edward,Doris,1924
10,Donald,Frances,1924
11,Thomas,Elizabeth,1924
12,Frank,Evelyn,1924
13,Harold,Anna,1924
14,Paul,Marie,1924
15,Raymond,Alice,1924
16,Walter,Jean,1924
17,Jack,Marjorie,1924
18,Henry,Irene,1924
19,Kenneth,Shirley,1924
20,Arthur,Florence,1924
1,Robert,Mary,1925
2,John,Dorothy,1925
3,William,Betty,1925
4,James,Helen,1925
5,Charles,Margaret,1925
6,George,Ruth,1925
7,Joseph,Virginia,1925
8,Richard,Doris,1925
9,Edward,Mildred,1925
10,Donald,Elizabeth,1925
11,Thomas,Frances,1925
12,Frank,Evelyn,1925
13,Paul,Anna,1925
14,Harold,Jean,1925
15,Raymond,Alice,1925
16,Walter,Marie,1925
17,Jack,Shirley,1925
18,Henry,Lois,1925
19,Kenneth,Irene,1925
20,Arthur,Gloria,1925
1,Robert,Mary,1926
2,John,Dorothy,1926
3,James,Betty,1926
4,William,Helen,1926
5,Charles,Margaret,1926
6,George,Ruth,1926
7,Richard,Doris,1926
8,Joseph,Virginia,1926
9,Donald,Mildred,1926
10,Edward,Frances,1926
11,Thomas,Elizabeth,1926
12,Frank,Jean,1926
13,Paul,Evelyn,1926
14,Harold,Shirley,1926
15,Raymond,Anna,1926
16,Jack,Barbara,1926
17,Walter,Alice,1926
18,Kenneth,Marie,1926
19,Henry,Lois,1926
20,Arthur,Gloria,1926
1,Robert,Mary,1927
2,John,Dorothy,1927
3,James,Betty,1927
4,William,Helen,1927
5,Charles,Margaret,1927
6,Richard,Ruth,1927
7,George,Doris,1927
8,Donald,Virginia,1927
9,Joseph,Shirley,1927
10,Edward,Barbara,1927
11,Thomas,Mildred,1927
12,Frank,Frances,1927
13,Paul,Elizabeth,1927
14,Harold,Jean,1927
15,Raymond,Evelyn,1927
16,Jack,Anna,1927
17,Walter,Alice,1927
18,Kenneth,Patricia,1927
19,Henry,Lois,1927
20,Eugene,Marie,1927
1,Robert,Mary,1928
2,John,Betty,1928
3,James,Dorothy,1928
4,William,Helen,1928
5,Charles,Margaret,1928
6,Richard,Ruth,1928
7,Donald,Doris,1928
8,George,Barbara,1928
9,Joseph,Virginia,1928
10,Edward,Shirley,1928
11,Thomas,Patricia,1928
12,Frank,Jean,1928
13,Paul,Frances,1928
14,Harold,Elizabeth,1928
15,Jack,Mildred,1928
16,Raymond,Anna,1928
17,Kenneth,Evelyn,1928
18,Walter,Lois,1928
19,David,Alice,1928
20,Eugene,Dolores,1928
1,Robert,Mary,1929
2,James,Betty,1929
3,John,Dorothy,1929
4,William,Helen,1929
5,Charles,Margaret,1929
6,Richard,Doris,1929
7,Donald,Barbara,1929
8,George,Ruth,1929
9,Joseph,Shirley,1929
10,Edward,Patricia,1929
11,Thomas,Virginia,1929
12,Frank,Jean,1929
13,Paul,Joan,1929
14,Jack,Dolores,1929
15,Raymond,Elizabeth,1929
16,Harold,Frances,1929
17,David,Lois,1929
18,Kenneth,Mildred,1929
19,Walter,Evelyn,1929
20,Eugene,Anna,1929
1,Robert,Mary,1930
2,James,Betty,1930
3,John,Dorothy,1930
4,William,Helen,1930
5,Richard,Margaret,1930
6,Charles,Barbara,1930
7,Donald,Patricia,1930
8,George,Joan,1930
9,Joseph,Doris,1930
10,Edward,Ruth,1930
11,Thomas,Shirley,1930
12,Paul,Virginia,1930
13,Frank,Dolores,1930
14,Jack,Jean,1930
15,David,Elizabeth,1930
16,Raymond,Frances,1930
17,Kenneth,Lois,1930
18,Harold,Joyce,1930
19,Walter,Evelyn,1930
20,Billy,Alice,1930
1,Robert,Mary,1931
2,James,Betty,1931
3,John,Dorothy,1931
4,William,Barbara,1931
5,Richard,Joan,1931
6,Charles,Helen,1931
7,Donald,Margaret,1931
8,George,Patricia,1931
9,Joseph,Shirley,1931
10,Thomas,Doris,1931
11,Edward,Ruth,1931
12,Paul,Virginia,1931
13,David,Jean,1931
14,Kenneth,Dolores,1931
15,Jack,Joyce,1931
16,Frank,Elizabeth,1931
17,Raymond,Nancy,1931
18,Harold,Frances,1931
19,Billy,Marilyn,1931
20,Walter,Lois,1931
1,Robert,Mary,1932
2,James,Betty,1932
3,John,Barbara,1932
4,William,Dorothy,1932
5,Richard,Joan,1932
6,Charles,Patricia,1932
7,Donald,Margaret,1932
8,George,Helen,1932
9,Joseph,Shirley,1932
10,Thomas,Doris,1932
11,Edward,Ruth,1932
12,David,Joyce,1932
13,Paul,Nancy,1932
14,Kenneth,Virginia,1932
15,Frank,Jean,1932
16,Ronald,Marilyn,1932
17,Jack,Elizabeth,1932
18,Harold,Dolores,1932
19,Raymond,Frances,1932
20,Billy,Lois,1932
1,Robert,Mary,1933
2,James,Betty,1933
3,John,Barbara,1933
4,William,Dorothy,1933
5,Richard,Joan,1933
6,Charles,Patricia,1933
7,Donald,Margaret,1933
8,George,Helen,1933
9,Joseph,Shirley,1933
10,Thomas,Doris,1933
11,Edward,Nancy,1933
12,Ronald,Joyce,1933
13,David,Ruth,1933
14,Paul,Jean,1933
15,Kenneth,Virginia,1933
16,Frank,Marilyn,1933
17,Jack,Elizabeth,1933
18,Harold,Frances,1933
19,Raymond,Lois,1933
20,Billy,Carol,1933
1,Robert,Mary,1934
2,James,Betty,1934
3,John,Barbara,1934
4,William,Shirley,1934
5,Richard,Dorothy,1934
6,Donald,Patricia,1934
7,Charles,Joan,1934
8,George,Margaret,1934
9,Thomas,Helen,1934
10,Joseph,Nancy,1934
11,Ronald,Doris,1934
12,David,Joyce,1934
13,Edward,Ruth,1934
14,Paul,Carol,1934
15,Kenneth,Virginia,1934
16,Frank,Jean,1934
17,Jack,Marilyn,1934
18,Harold,Elizabeth,1934
19,Raymond,Frances,1934
20,Billy,Lois,1934
1,Robert,Mary,1935
2,James,Shirley,1935
3,John,Barbara,1935
4,William,Betty,1935
5,Richard,Patricia,1935
6,Charles,Dorothy,1935
7,Donald,Joan,1935
8,George,Margaret,1935
9,Thomas,Nancy,1935
10,Joseph,Helen,1935
11,David,Carol,1935
12,Ronald,Joyce,1935
13,Edward,Doris,1935
14,Paul,Marilyn,1935
15,Kenneth,Ruth,1935
16,Frank,Virginia,1935
17,Raymond,Elizabeth,1935
18,Jack,Jean,1935
19,Billy,Frances,1935
20,Harold,Beverly,1935
1,Robert,Mary,1936
2,James,Shirley,1936
3,John,Barbara,1936
4,William,Betty,1936
5,Richard,Patricia,1936
6,Charles,Dorothy,1936
7,Donald,Joan,1936
8,Thomas,Nancy,1936
9,George,Margaret,1936
10,David,Carol,1936
11,Joseph,Helen,1936
12,Ronald,Joyce,1936
13,Edward,Marilyn,1936
14,Kenneth,Virginia,1936
15,Paul,Doris,1936
16,Frank,Ruth,1936
17,Raymond,Beverly,1936
18,Jerry,Elizabeth,1936
19,Gerald,Frances,1936
20,Jack,Jean,1936
1,Robert,Mary,1937
2,James,Barbara,1937
3,John,Patricia,1937
4,William,Shirley,1937
5,Richard,Betty,1937
6,Charles,Carol,1937
7,Donald,Nancy,1937
8,David,Dorothy,1937
9,Thomas,Joan,1937
10,George,Margaret,1937
11,Ronald,Joyce,1937
12,Joseph,Helen,1937
13,Edward,Marilyn,1937
14,Kenneth,Beverly,1937
15,Paul,Ruth,1937
16,Larry,Virginia,1937
17,Jerry,Elizabeth,1937
18,Frank,Janet,1937
19,Raymond,Frances,1937
20,Gerald,Carolyn,1937
1,Robert,Mary,1938
2,James,Barbara,1938
3,John,Patricia,1938
4,William,Betty,1938
5,Richard,Shirley,1938
6,Charles,Carol,1938
7,Donald,Nancy,1938
8,David,Dorothy,1938
9,Thomas,Margaret,1938
10,Ronald,Joan,1938
11,George,Joyce,1938
12,Joseph,Judith,1938
13,Edward,Helen,1938
14,Kenneth,Sandra,1938
15,Paul,Carolyn,1938
16,Larry,Janet,1938
17,Jerry,Elizabeth,1938
18,Frank,Beverly,1938
19,Gerald,Marilyn,1938
20,Raymond,Donna,1938
1,Robert,Mary,1939
2,James,Barbara,1939
3,John,Patricia,1939
4,William,Betty,1939
5,Richard,Shirley,1939
6,Charles,Carol,1939
7,David,Nancy,1939
8,Donald,Judith,1939
9,Thomas,Dorothy,1939
10,Ronald,Margaret,1939
11,George,Joan,1939
12,Joseph,Joyce,1939
13,Kenneth,Sandra,1939
14,Larry,Carolyn,1939
15,Edward,Linda,1939
16,Jerry,Helen,1939
17,Paul,Janet,1939
18,Michael,Elizabeth,1939
19,Gerald,Marilyn,1939
20,Frank,Donna,1939
1,James,Mary,1940
2,Robert,Barbara,1940
3,John,Patricia,1940
4,William,Judith,1940
5,Richard,Betty,1940
6,Charles,Carol,1940
7,David,Nancy,1940
8,Thomas,Linda,1940
9,Donald,Shirley,1940
10,Ronald,Sandra,1940
11,George,Margaret,1940
12,Joseph,Dorothy,1940
13,Larry,Joyce,1940
14,Jerry,Joan,1940
15,Kenneth,Carolyn,1940
16,Edward,Judy,1940
17,Paul,Sharon,1940
18,Michael,Helen,1940
19,Gary,Janet,1940
20,Frank,Elizabeth,1940
1,James,Mary,1941
2,Robert,Barbara,1941
3,John,Patricia,1941
4,William,Carol,1941
5,Richard,Linda,1941
6,Charles,Judith,1941
7,David,Betty,1941
8,Thomas,Nancy,1941
9,Ronald,Sandra,1941
10,Donald,Shirley,1941
11,Larry,Carolyn,1941
12,Joseph,Margaret,1941
13,George,Joyce,1941
14,Jerry,Dorothy,1941
15,Kenneth,Sharon,1941
16,Michael,Judy,1941
17,Edward,Joan,1941
18,Paul,Janet,1941
19,Gary,Karen,1941
20,Gerald,Donna,1941
1,James,Mary,1942
2,Robert,Barbara,1942
3,John,Patricia,1942
4,William,Linda,1942
5,Richard,Carol,1942
6,David,Sandra,1942
7,Charles,Judith,1942
8,Thomas,Nancy,1942
9,Ronald,Betty,1942
10,Donald,Carolyn,1942
11,Joseph,Sharon,1942
12,Larry,Shirley,1942
13,Michael,Joyce,1942
14,George,Margaret,1942
15,Kenneth,Judy,1942
16,Jerry,Karen,1942
17,Edward,Dorothy,1942
18,Gary,Joan,1942
19,Paul,Janet,1942
20,Dennis,Donna,1942
1,James,Mary,1943
2,Robert,Barbara,1943
3,John,Patricia,1943
4,William,Linda,1943
5,Richard,Carol,1943
6,David,Sandra,1943
7,Charles,Judith,1943
8,Thomas,Sharon,1943
9,Ronald,Nancy,1943
10,Michael,Betty,1943
11,Donald,Carolyn,1943
12,Larry,Shirley,1943
13,Joseph,Judy,1943
14,George,Margaret,1943
15,Kenneth,Karen,1943
16,Gary,Joyce,1943
17,Jerry,Donna,1943
18,Edward,Susan,1943
19,Paul,Dorothy,1943
20,Dennis,Janet,1943
1,James,Mary,1944
2,Robert,Barbara,1944
3,John,Linda,1944
4,William,Patricia,1944
5,Richard,Carol,1944
6,David,Sandra,1944
7,Charles,Nancy,1944
8,Thomas,Sharon,1944
9,Michael,Judith,1944
10,Ronald,Betty,1944
11,Donald,Carolyn,1944
12,Larry,Judy,1944
13,Joseph,Susan,1944
14,George,Margaret,1944
15,Gary,Shirley,1944
16,Kenneth,Karen,1944
17,Paul,Donna,1944
18,Edward,Joyce,1944
19,Jerry,Dorothy,1944
20,Dennis,Kathleen,1944
1,James,Mary,1945
2,Robert,Linda,1945
3,John,Barbara,1945
4,William,Patricia,1945
5,Richard,Carol,1945
6,David,Sandra,1945
7,Charles,Nancy,1945
8,Thomas,Sharon,1945
9,Michael,Judith,1945
10,Ronald,Susan,1945
11,Larry,Betty,1945
12,Donald,Carolyn,1945
13,Gary,Judy,1945
14,Joseph,Shirley,1945
15,George,Margaret,1945
16,Kenneth,Karen,1945
17,Paul,Donna,1945
18,Edward,Joyce,1945
19,Dennis,Kathleen,1945
20,Jerry,Dorothy,1945
1,James,Mary,1946
2,Robert,Linda,1946
3,John,Patricia,1946
4,William,Barbara,1946
5,Richard,Carol,1946
6,David,Sandra,1946
7,Michael,Nancy,1946
8,Thomas,Susan,1946
9,Charles,Sharon,1946
10,Ronald,Judith,1946
11,Larry,Judy,1946
12,Gary,Carolyn,1946
13,Donald,Donna,1946
14,Joseph,Betty,1946
15,Kenneth,Karen,1946
16,George,Kathleen,1946
17,Dennis,Margaret,1946
18,Paul,Shirley,1946
19,Edward,Diane,1946
20,Jerry,Joyce,1946
1,James,Linda,1947
2,Robert,Mary,1947
3,John,Patricia,1947
4,William,Barbara,1947
5,Richard,Sandra,1947
6,David,Carol,1947
7,Michael,Nancy,1947
8,Thomas,Susan,1947
9,Charles,Sharon,1947
10,Larry,Donna,1947
11,Ronald,Kathleen,1947
12,Gary,Judith,1947
13,Donald,Karen,1947
14,Joseph,Judy,1947
15,Kenneth,Carolyn,1947
16,George,Margaret,1947
17,Dennis,Betty,1947
18,Paul,Diane,1947
19,Edward,Shirley,1947
20,Jerry,Joyce,1947
1,James,Linda,1948
2,Robert,Mary,1948
3,John,Barbara,1948
4,William,Patricia,1948
5,David,Susan,1948
6,Michael,Sandra,1948
7,Richard,Nancy,1948
8,Thomas,Carol,1948
9,Charles,Sharon,1948
10,Ronald,Kathleen,1948
11,Larry,Donna,1948
12,Gary,Karen,1948
13,Joseph,Margaret,1948
14,Donald,Carolyn,1948
15,Kenneth,Judith,1948
16,George,Judy,1948
17,Dennis,Brenda,1948
18,Paul,Betty,1948
19,Edward,Diane,1948
20,Stephen,Shirley,1948
1,James,Linda,1949
2,Robert,Mary,1949
3,John,Patricia,1949
4,William,Barbara,1949
5,Michael,Susan,1949
6,David,Sandra,1949
7,Richard,Nancy,1949
8,Thomas,Carol,1949
9,Charles,Kathleen,1949
10,Larry,Sharon,1949
11,Ronald,Karen,1949
12,Gary,Donna,1949
13,Donald,Brenda,1949
14,Joseph,Margaret,1949
15,Kenneth,Deborah,1949
16,Dennis,Judith,1949
17,Paul,Carolyn,1949
18,George,Shirley,1949
19,Stephen,Diane,1949
20,Steven,Judy,1949
1,James,Linda,1950
2,Robert,Mary,1950
3,John,Patricia,1950
4,Michael,Barbara,1950
5,David,Susan,1950
6,William,Nancy,1950
7,Richard,Deborah,1950
8,Thomas,Sandra,1950
9,Charles,Carol,1950
10,Gary,Kathleen,1950
11,Larry,Sharon,1950
12,Ronald,Karen,1950
13,Joseph,Donna,1950
14,Donald,Brenda,1950
15,Kenneth,Margaret,1950
16,Steven,Diane,1950
17,Dennis,Pamela,1950
18,Paul,Janet,1950
19,Stephen,Shirley,1950
20,George,Carolyn,1950
1,James,Linda,1951
2,Robert,Mary,1951
3,John,Patricia,1951
4,Michael,Deborah,1951
5,David,Barbara,1951
6,William,Susan,1951
7,Richard,Nancy,1951
8,Thomas,Karen,1951
9,Charles,Sandra,1951
10,Gary,Kathleen,1951
11,Larry,Carol,1951
12,Ronald,Donna,1951
13,Steven,Sharon,1951
14,Joseph,Brenda,1951
15,Donald,Diane,1951
16,Kenneth,Pamela,1951
17,Dennis,Margaret,1951
18,Paul,Debra,1951
19,Stephen,Janet,1951
20,Mark,Cynthia,1951
1,James,Linda,1952
2,Robert,Mary,1952
3,John,Patricia,1952
4,Michael,Deborah,1952
5,David,Susan,1952
6,William,Barbara,1952
7,Richard,Nancy,1952
8,Thomas,Karen,1952
9,Charles,Debra,1952
10,Gary,Sandra,1952
11,Steven,Kathleen,1952
12,Joseph,Carol,1952
13,Donald,Donna,1952
14,Larry,Sharon,1952
15,Ronald,Brenda,1952
16,Kenneth,Diane,1952
17,Mark,Pamela,1952
18,Dennis,Cynthia,1952
19,Paul,Janet,1952
20,Daniel,Christine,1952
1,Robert,Mary,1953
2,James,Linda,1953
3,Michael,Deborah,1953
4,John,Patricia,1953
5,David,Susan,1953
6,William,Barbara,1953
7,Richard,Debra,1953
8,Thomas,Nancy,1953
9,Charles,Karen,1953
10,Gary,Pamela,1953
11,Steven,Sandra,1953
12,Mark,Cynthia,1953
13,Joseph,Donna,1953
14,Donald,Kathleen,1953
15,Ronald,Sharon,1953
16,Kenneth,Carol,1953
17,Paul,Diane,1953
18,Larry,Brenda,1953
19,Dennis,Janet,1953
20,Daniel,Margaret,1953
1,Michael,Mary,1954
2,Robert,Linda,1954
3,James,Deborah,1954
4,John,Patricia,1954
5,David,Susan,1954
6,William,Debra,1954
7,Richard,Barbara,1954
8,Thomas,Karen,1954
9,Gary,Nancy,1954
10,Charles,Cynthia,1954
11,Steven,Donna,1954
12,Mark,Pamela,1954
13,Joseph,Sandra,1954
14,Donald,Kathleen,1954
15,Ronald,Carol,1954
16,Paul,Sharon,1954
17,Kenneth,Diane,1954
18,Daniel,Brenda,1954
19,Larry,Janet,1954
20,Stephen,Elizabeth,1954
1,Michael,Mary,1955
2,David,Deborah,1955
3,James,Linda,1955
4,Robert,Debra,1955
5,John,Susan,1955
6,William,Patricia,1955
7,Richard,Barbara,1955
8,Thomas,Karen,1955
9,Mark,Nancy,1955
10,Steven,Donna,1955
11,Charles,Cynthia,1955
12,Gary,Pamela,1955
13,Joseph,Sandra,1955
14,Donald,Diane,1955
15,Kenneth,Carol,1955
16,Paul,Sharon,1955
17,Daniel,Kathleen,1955
18,Ronald,Brenda,1955
19,Larry,Cheryl,1955
20,Jeffrey,Janet,1955
1,Michael,Mary,1956
2,James,Debra,1956
3,Robert,Linda,1956
4,David,Deborah,1956
5,John,Susan,1956
6,William,Patricia,1956
7,Richard,Karen,1956
8,Mark,Cynthia,1956
9,Thomas,Barbara,1956
10,Steven,Donna,1956
11,Charles,Nancy,1956
12,Joseph,Pamela,1956
13,Gary,Sharon,1956
14,Donald,Sandra,1956
15,Ronald,Diane,1956
16,Kenneth,Carol,1956
17,Paul,Kathleen,1956
18,Daniel,Cheryl,1956
19,Timothy,Brenda,1956
20,Jeffrey,Kathy,1956
1,Michael,Mary,1957
2,James,Susan,1957
3,David,Linda,1957
4,Robert,Debra,1957
5,John,Karen,1957
6,William,Deborah,1957
7,Mark,Cynthia,1957
8,Richard,Patricia,1957
9,Thomas,Barbara,1957
10,Steven,Donna,1957
11,Charles,Nancy,1957
12,Joseph,Pamela,1957
13,Gary,Brenda,1957
14,Kenneth,Sharon,1957
15,Donald,Sandra,1957
16,Daniel,Cheryl,1957
17,Ronald,Diane,1957
18,Paul,Carol,1957
19,Timothy,Cindy,1957
20,Kevin,Kathy,1957
1,Michael,Mary,1958
2,David,Susan,1958
3,James,Linda,1958
4,Robert,Karen,1958
5,John,Patricia,1958
6,William,Debra,1958
7,Mark,Deborah,1958
8,Richard,Cynthia,1958
9,Thomas,Barbara,1958
10,Steven,Donna,1958
11,Charles,Pamela,1958
12,Joseph,Nancy,1958
13,Timothy,Cheryl,1958
14,Kenneth,Kathy,1958
15,Paul,Sandra,1958
16,Daniel,Brenda,1958
17,Gary,Sharon,1958
18,Donald,Diane,1958
19,Ronald,Lisa,1958
20,Kevin,Carol,1958
1,Michael,Mary,1959
2,David,Susan,1959
3,James,Linda,1959
4,John,Karen,1959
5,Robert,Donna,1959
6,Mark,Patricia,1959
7,William,Debra,1959
8,Richard,Cynthia,1959
9,Thomas,Deborah,1959
10,Steven,Lisa,1959
11,Charles,Barbara,1959
12,Timothy,Pamela,1959
13,Joseph,Sandra,1959
14,Kevin,Nancy,1959
15,Kenneth,Kathy,1959
16,Jeffrey,Brenda,1959
17,Paul,Sharon,1959
18,Daniel,Cheryl,1959
19,Donald,Diane,1959
20,Gary,Debbie,1959
1,David,Mary,1960
2,Michael,Susan,1960
3,James,Linda,1960
4,John,Karen,1960
5,Robert,Donna,1960
6,Mark,Lisa,1960
7,William,Patricia,1960
8,Richard,Debra,1960
9,Thomas,Cynthia,1960
10,Steven,Deborah,1960
11,Timothy,Sandra,1960
12,Joseph,Barbara,1960
13,Charles,Brenda,1960
14,Jeffrey,Pamela,1960
15,Kevin,Nancy,1960
16,Kenneth,Sharon,1960
17,Daniel,Cheryl,1960
18,Paul,Elizabeth,1960
19,Donald,Teresa,1960
20,Brian,Lori,1960
1,Michael,Mary,1961
2,David,Lisa,1961
3,John,Susan,1961
4,James,Linda,1961
5,Robert,Karen,1961
6,Mark,Patricia,1961
7,William,Donna,1961
8,Richard,Cynthia,1961
9,Thomas,Sandra,1961
10,Steven,Deborah,1961
11,Jeffrey,Brenda,1961
12,Joseph,Barbara,1961
13,Charles,Debra,1961
14,Kevin,Lori,1961
15,Timothy,Pamela,1961
16,Kenneth,Nancy,1961
17,Daniel,Sharon,1961
18,Paul,Teresa,1961
19,Scott,Elizabeth,1961
20,Brian,Cheryl,1961
1,Michael,Lisa,1962
2,David,Mary,1962
3,John,Susan,1962
4,James,Karen,1962
5,Robert,Linda,1962
6,Mark,Patricia,1962
7,William,Donna,1962
8,Richard,Cynthia,1962
9,Thomas,Deborah,1962
10,Jeffrey,Sandra,1962
11,Scott,Lori,1962
12,Steven,Brenda,1962
13,Joseph,Pamela,1962
14,Kevin,Barbara,1962
15,Charles,Debra,1962
16,Timothy,Kimberly,1962
17,Daniel,Sharon,1962
18,Kenneth,Teresa,1962
19,Paul,Nancy,1962
20,Brian,Elizabeth,1962
1,Michael,Lisa,1963
2,John,Mary,1963
3,David,Susan,1963
4,James,Karen,1963
5,Robert,Linda,1963
6,Mark,Donna,1963
7,William,Patricia,1963
8,Richard,Lori,1963
9,Thomas,Sandra,1963
10,Jeffrey,Cynthia,1963
11,Kevin,Kimberly,1963
12,Scott,Tammy,1963
13,Joseph,Deborah,1963
14,Steven,Pamela,1963
15,Timothy,Brenda,1963
16,Charles,Laura,1963
17,Paul,Barbara,1963
18,Kenneth,Teresa,1963
19,Daniel,Sharon,1963
20,Brian,Elizabeth,1963
1,Michael,Lisa,1964
2,John,Mary,1964
3,David,Susan,1964
4,James,Karen,1964
5,Robert,Patricia,1964
6,Mark,Kimberly,1964
7,William,Donna,1964
8,Richard,Linda,1964
9,Thomas,Cynthia,1964
10,Jeffrey,Tammy,1964
11,Joseph,Pamela,1964
12,Steven,Deborah,1964
13,Kevin,Sandra,1964
14,Scott,Laura,1964
15,Timothy,Lori,1964
16,Paul,Elizabeth,1964
17,Charles,Julie,1964
18,Kenneth,Brenda,1964
19,Daniel,Barbara,1964
20,Brian,Sharon,1964
1,Michael,Lisa,1965
2,John,Mary,1965
3,David,Karen,1965
4,James,Kimberly,1965
5,Robert,Susan,1965
6,William,Patricia,1965
7,Mark,Donna,1965
8,Richard,Linda,1965
9,Thomas,Cynthia,1965
10,Jeffrey,Angela,1965
11,Joseph,Tammy,1965
12,Timothy,Pamela,1965
13,Kevin,Deborah,1965
14,Steven,Julie,1965
15,Scott,Sandra,1965
16,Paul,Elizabeth,1965
17,Daniel,Laura,1965
18,Christopher,Michelle,1965
19,Brian,Lori,1965
20,Charles,Jennifer,1965
1,Michael,Lisa,1966
2,David,Kimberly,1966
3,James,Mary,1966
4,John,Michelle,1966
5,Robert,Karen,1966
6,William,Susan,1966
7,Mark,Patricia,1966
8,Richard,Tammy,1966
9,Jeffrey,Angela,1966
10,Thomas,Jennifer,1966
11,Timothy,Cynthia,1966
12,Christopher,Donna,1966
13,Steven,Julie,1966
14,Brian,Deborah,1966
15,Joseph,Pamela,1966
16,Scott,Elizabeth,1966
17,Kevin,Sandra,1966
18,Paul,Linda,1966
19,Daniel,Laura,1966
20,Charles,Christine,1966
1,Michael,Lisa,1967
2,David,Kimberly,1967
3,James,Michelle,1967
4,John,Mary,1967
5,Robert,Susan,1967
6,William,Karen,1967
7,Mark,Angela,1967
8,Richard,Tammy,1967
9,Christopher,Melissa,1967
10,Brian,Jennifer,1967
11,Timothy,Patricia,1967
12,Thomas,Amy,1967
13,Jeffrey,Elizabeth,1967
14,Steven,Christine,1967
15,Joseph,Laura,1967
16,Scott,Julie,1967
17,Kevin,Pamela,1967
18,Paul,Cynthia,1967
19,Daniel,Donna,1967
20,Charles,Sandra,1967
1,Michael,Lisa,1968
2,David,Michelle,1968
3,John,Kimberly,1968
4,James,Jennifer,1968
5,Robert,Melissa,1968
6,William,Mary,1968
7,Mark,Angela,1968
8,Richard,Tammy,1968
9,Christopher,Karen,1968
10,Brian,Susan,1968
11,Jeffrey,Laura,1968
12,Thomas,Kelly,1968
13,Timothy,Amy,1968
14,Scott,Christine,1968
15,Steven,Patricia,1968
16,Joseph,Julie,1968
17,Kevin,Elizabeth,1968
18,Daniel,Tina,1968
19,Paul,Cynthia,1968
20,Charles,Pamela,1968
1,Michael,Lisa,1969
2,David,Michelle,1969
3,James,Jennifer,1969
4,John,Kimberly,1969
5,Robert,Melissa,1969
6,William,Amy,1969
7,Christopher,Angela,1969
8,Mark,Mary,1969
9,Brian,Tammy,1969
10,Richard,Laura,1969
11,Jeffrey,Susan,1969
12,Scott,Julie,1969
13,Thomas,Karen,1969
14,Steven,Christine,1969
15,Joseph,Kelly,1969
16,Kevin,Elizabeth,1969
17,Timothy,Tracy,1969
18,Daniel,Patricia,1969
19,Charles,Stephanie,1969
20,Anthony,Lori,1969
1,Michael,Jennifer,1970
2,David,Lisa,1970
3,James,Kimberly,1970
4,John,Michelle,1970
5,Robert,Amy,1970
6,Christopher,Angela,1970
7,William,Melissa,1970
8,Brian,Tammy,1970
9,Mark,Mary,1970
10,Richard,Tracy,1970
11,Jeffrey,Julie,1970
12,Scott,Karen,1970
13,Jason,Laura,1970
14,Kevin,Christine,1970
15,Steven,Susan,1970
16,Joseph,Dawn,1970
17,Thomas,Stephanie,1970
18,Eric,Elizabeth,1970
19,Daniel,Heather,1970
20,Timothy,Kelly,1970
1,Michael,Jennifer,1971
2,James,Michelle,1971
3,David,Lisa,1971
4,John,Kimberly,1971
5,Robert,Amy,1971
6,Christopher,Angela,1971
7,William,Melissa,1971
8,Jason,Tammy,1971
9,Brian,Mary,1971
10,Scott,Julie,1971
11,Richard,Stephanie,1971
12,Jeffrey,Heather,1971
13,Mark,Tracy,1971
14,Kevin,Dawn,1971
15,Joseph,Karen,1971
16,Steven,Laura,1971
17,Thomas,Susan,1971
18,Eric,Christine,1971
19,Matthew,Elizabeth,1971
20,Daniel,Tina,1971
1,Michael,Jennifer,1972
2,Christopher,Michelle,1972
3,James,Lisa,1972
4,David,Kimberly,1972
5,John,Amy,1972
6,Robert,Angela,1972
7,Jason,Melissa,1972
8,Brian,Stephanie,1972
9,William,Heather,1972
10,Matthew,Nicole,1972
11,Scott,Tammy,1972
12,Joseph,Julie,1972
13,Kevin,Mary,1972
14,Richard,Rebecca,1972
15,Daniel,Elizabeth,1972
16,Eric,Christine,1972
17,Jeffrey,Laura,1972
18,Mark,Tina,1972
19,Steven,Tracy,1972
20,Thomas,Dawn,1972
1,Michael,Jennifer,1973
2,Christopher,Amy,1973
3,Jason,Michelle,1973
4,James,Kimberly,1973
5,David,Lisa,1973
6,John,Melissa,1973
7,Robert,Angela,1973
8,Brian,Heather,1973
9,William,Stephanie,1973
10,Matthew,Rebecca,1973
11,Daniel,Nicole,1973
12,Joseph,Julie,1973
13,Eric,Elizabeth,1973
14,Kevin,Mary,1973
15,Mark,Tammy,1973
16,Richard,Christina,1973
17,Jeffrey,Christine,1973
18,Scott,Kelly,1973
19,Thomas,Laura,1973
20,Steven,Tracy,1973
1,Michael,Jennifer,1974
2,Jason,Amy,1974
3,Christopher,Michelle,1974
4,David,Heather,1974
5,James,Angela,1974
6,John,Kimberly,1974
7,Robert,Melissa,1974
8,Brian,Lisa,1974
9,Matthew,Stephanie,1974
10,William,Rebecca,1974
11,Daniel,Nicole,1974
12,Joseph,Elizabeth,1974
13,Eric,Mary,1974
14,Kevin,Julie,1974
15,Jeffrey,Christina,1974
16,Mark,Kelly,1974
17,Richard,Jessica,1974
18,Scott,Shannon,1974
19,Steven,Christine,1974
20,Thomas,Sarah,1974
1,Michael,Jennifer,1975
2,Jason,Amy,1975
3,Christopher,Heather,1975
4,James,Melissa,1975
5,David,Angela,1975
6,Robert,Michelle,1975
7,John,Kimberly,1975
8,Brian,Lisa,1975
9,Matthew,Stephanie,1975
10,William,Nicole,1975
11,Daniel,Rebecca,1975
12,Joseph,Christina,1975
13,Eric,Jessica,1975
14,Jeffrey,Amanda,1975
15,Kevin,Elizabeth,1975
16,Richard,Kelly,1975
17,Scott,Sarah,1975
18,Steven,Julie,1975
19,Mark,Mary,1975
20,Thomas,Laura,1975
1,Michael,Jennifer,1976
2,Jason,Amy,1976
3,Christopher,Melissa,1976
4,David,Heather,1976
5,James,Angela,1976
6,John,Michelle,1976
7,Robert,Kimberly,1976
8,Brian,Jessica,1976
9,Matthew,Lisa,1976
10,Daniel,Amanda,1976
11,William,Stephanie,1976
12,Joseph,Rebecca,1976
13,Eric,Nicole,1976
14,Jeremy,Christina,1976
15,Kevin,Sarah,1976
16,Ryan,Elizabeth,1976
17,Jeffrey,Shannon,1976
18,Joshua,Jamie,1976
19,Richard,Kelly,1976
20,Steven,Laura,1976
1,Michael,Jennifer,1977
2,Jason,Melissa,1977
3,Christopher,Amy,1977
4,David,Jessica,1977
5,James,Heather,1977
6,John,Angela,1977
7,Robert,Michelle,1977
8,Brian,Kimberly,1977
9,Matthew,Amanda,1977
10,Joseph,Kelly,1977
11,Daniel,Sarah,1977
12,William,Lisa,1977
13,Kevin,Elizabeth,1977
14,Joshua,Stephanie,1977
15,Jeremy,Nicole,1977
16,Ryan,Christina,1977
17,Eric,Rebecca,1977
18,Timothy,Jamie,1977
19,Jeffrey,Shannon,1977
20,Richard,Laura,1977
1,Michael,Jennifer,1978
2,Jason,Melissa,1978
3,Christopher,Jessica,1978
4,David,Amy,1978
5,James,Heather,1978
6,Matthew,Amanda,1978
7,John,Angela,1978
8,Robert,Sarah,1978
9,Brian,Michelle,1978
10,Joseph,Nicole,1978
11,Daniel,Lisa,1978
12,Joshua,Kelly,1978
13,William,Kimberly,1978
14,Ryan,Elizabeth,1978
15,Kevin,Christina,1978
16,Eric,Stephanie,1978
17,Timothy,Rebecca,1978
18,Jeremy,Crystal,1978
19,Jeffrey,Laura,1978
20,Anthony,Jamie,1978
1,Michael,Jennifer,1979
2,Christopher,Melissa,1979
3,Jason,Amanda,1979
4,David,Jessica,1979
5,James,Amy,1979
6,Matthew,Sarah,1979
7,John,Heather,1979
8,Robert,Angela,1979
9,Joshua,Nicole,1979
10,Brian,Michelle,1979
11,Joseph,Elizabeth,1979
12,Daniel,Kimberly,1979
13,William,Lisa,1979
14,Ryan,Christina,1979
15,Nicholas,Stephanie,1979
16,Jeremy,Kelly,1979
17,Eric,Rebecca,1979
18,Timothy,Crystal,1979
19,Kevin,Jamie,1979
20,Andrew,Laura,1979
1,Michael,Jennifer,1980
2,Christopher,Amanda,1980
3,Jason,Jessica,1980
4,David,Melissa,1980
5,James,Sarah,1980
6,Matthew,Heather,1980
7,Joshua,Nicole,1980
8,John,Amy,1980
9,Robert,Elizabeth,1980
10,Joseph,Michelle,1980
11,Daniel,Kimberly,1980
12,Brian,Angela,1980
13,Justin,Stephanie,1980
14,William,Tiffany,1980
15,Ryan,Christina,1980
16,Eric,Lisa,1980
17,Nicholas,Rebecca,1980
18,Jeremy,Crystal,1980
19,Andrew,Kelly,1980
20,Timothy,Erin,1980
1,Michael,Jennifer,1981
2,Christopher,Jessica,1981
3,Matthew,Amanda,1981
4,Jason,Sarah,1981
5,David,Melissa,1981
6,Joshua,Amy,1981
7,James,Nicole,1981
8,John,Stephanie,1981
9,Robert,Elizabeth,1981
10,Daniel,Heather,1981
11,Joseph,Michelle,1981
12,Justin,Rebecca,1981
13,Ryan,Kimberly,1981
14,Brian,Tiffany,1981
15,William,Angela,1981
16,Jonathan,Crystal,1981
17,Eric,Christina,1981
18,Andrew,Lisa,1981
19,Brandon,Erin,1981
20,Adam,Amber,1981
1,Michael,Jennifer,1982
2,Christopher,Jessica,1982
3,Matthew,Amanda,1982
4,Jason,Sarah,1982
5,David,Melissa,1982
6,James,Nicole,1982
7,Joshua,Stephanie,1982
8,John,Elizabeth,1982
9,Robert,Crystal,1982
10,Daniel,Amy,1982
11,Joseph,Michelle,1982
12,Justin,Heather,1982
13,Ryan,Tiffany,1982
14,Brian,Kimberly,1982
15,William,Rebecca,1982
16,Jonathan,Angela,1982
17,Andrew,Ashley,1982
18,Brandon,Amber,1982
19,Adam,Christina,1982
20,Eric,Erin,1982
1,Michael,Jennifer,1983
2,Christopher,Jessica,1983
3,Matthew,Amanda,1983
4,David,Ashley,1983
5,Joshua,Sarah,1983
6,James,Melissa,1983
7,Jason,Nicole,1983
8,Daniel,Stephanie,1983
9,John,Heather,1983
10,Robert,Elizabeth,1983
11,Joseph,Crystal,1983
12,Justin,Amy,1983
13,Ryan,Michelle,1983
14,Brian,Tiffany,1983
15,Andrew,Kimberly,1983
16,William,Christina,1983
17,Brandon,Amber,1983
18,Adam,Erin,1983
19,Jonathan,Rebecca,1983
20,Eric,Rachel,1983
1,Michael,Jennifer,1984
2,Christopher,Jessica,1984
3,Matthew,Ashley,1984
4,Joshua,Amanda,1984
5,David,Sarah,1984
6,Daniel,Stephanie,1984
7,James,Nicole,1984
8,John,Melissa,1984
9,Robert,Heather,1984
10,Joseph,Elizabeth,1984
11,Jason,Megan,1984
12,Ryan,Crystal,1984
13,Justin,Amy,1984
14,Andrew,Tiffany,1984
15,Brandon,Rachel,1984
16,William,Danielle,1984
17,Brian,Michelle,1984
18,Adam,Amber,1984
19,Jonathan,Laura,1984
20,Nicholas,Christina,1984
1,Michael,Jessica,1985
2,Christopher,Ashley,1985
3,Matthew,Jennifer,1985
4,Joshua,Amanda,1985
5,Daniel,Sarah,1985
6,David,Stephanie,1985
7,James,Nicole,1985
8,Robert,Heather,1985
9,John,Elizabeth,1985
10,Joseph,Megan,1985
11,Andrew,Melissa,1985
12,Ryan,Christina,1985
13,Brandon,Rachel,1985
14,Jason,Laura,1985
15,Justin,Lauren,1985
16,William,Amber,1985
17,Jonathan,Brittany,1985
18,Brian,Danielle,1985
19,Nicholas,Kimberly,1985
20,Anthony,Amy,1985
1,Michael,Jessica,1986
2,Christopher,Ashley,1986
3,Matthew,Amanda,1986
4,Joshua,Jennifer,1986
5,David,Sarah,1986
6,Daniel,Stephanie,1986
7,James,Nicole,1986
8,Andrew,Brittany,1986
9,Robert,Heather,1986
10,John,Elizabeth,1986
11,Ryan,Megan,1986
12,Joseph,Melissa,1986
13,Brandon,Amber,1986
14,Justin,Lauren,1986
15,William,Rachel,1986
16,Jonathan,Danielle,1986
17,Nicholas,Tiffany,1986
18,Jason,Kimberly,1986
19,Anthony,Christina,1986
20,Brian,Laura,1986
1,Michael,Jessica,1987
2,Christopher,Ashley,1987
3,Matthew,Amanda,1987
4,Joshua,Jennifer,1987
5,David,Sarah,1987
6,Andrew,Stephanie,1987
7,Daniel,Brittany,1987
8,James,Nicole,1987
9,Justin,Heather,1987
10,Robert,Elizabeth,1987
11,John,Samantha,1987
12,Joseph,Megan,1987
13,Ryan,Melissa,1987
14,Brandon,Danielle,1987
15,William,Amber,1987
16,Nicholas,Lauren,1987
17,Anthony,Rachel,1987
18,Jonathan,Tiffany,1987
19,Kevin,Emily,1987
20,Brian,Christina,1987
1,Michael,Jessica,1988
2,Christopher,Ashley,1988
3,Matthew,Amanda,1988
4,Joshua,Sarah,1988
5,Andrew,Jennifer,1988
6,David,Brittany,1988
7,Justin,Stephanie,1988
8,Daniel,Samantha,1988
9,James,Nicole,1988
10,Robert,Elizabeth,1988
11,John,Lauren,1988
12,Joseph,Megan,1988
13,Ryan,Tiffany,1988
14,Nicholas,Heather,1988
15,Jonathan,Amber,1988
16,William,Melissa,1988
17,Brandon,Danielle,1988
18,Anthony,Emily,1988
19,Kevin,Rachel,1988
20,Eric,Kayla,1988
1,Michael,Jessica,1989
2,Christopher,Ashley,1989
3,Matthew,Brittany,1989
4,Joshua,Amanda,1989
5,David,Sarah,1989
6,Daniel,Samantha,1989
7,Andrew,Jennifer,1989
8,Justin,Stephanie,1989
9,James,Lauren,1989
10,Robert,Elizabeth,1989
11,Joseph,Megan,1989
12,John,Nicole,1989
13,Ryan,Emily,1989
14,Nicholas,Amber,1989
15,William,Heather,1989
16,Anthony,Tiffany,1989
17,Jonathan,Danielle,1989
18,Brandon,Rachel,1989
19,Kevin,Melissa,1989
20,Kyle,Kayla,1989
1,Michael,Jessica,1990
2,Christopher,Ashley,1990
3,Matthew,Brittany,1990
4,Joshua,Amanda,1990
5,Daniel,Samantha,1990
6,David,Sarah,1990
7,Andrew,Stephanie,1990
8,James,Jennifer,1990
9,Justin,Elizabeth,1990
10,Joseph,Lauren,1990
11,Ryan,Megan,1990
12,John,Emily,1990
13,Robert,Nicole,1990
14,Nicholas,Kayla,1990
15,Anthony,Amber,1990
16,William,Rachel,1990
17,Jonathan,Courtney,1990
18,Kyle,Danielle,1990
19,Brandon,Heathe,1990
20,Jacob,Melissa,1990
1,Michael,Ashley,1991
2,Christopher,Jessica,1991
3,Matthew,Brittany,1991
4,Joshua,Amanda,1991
5,Andrew,Samantha,1991
6,Daniel,Sarah,1991
7,James,Stephanie,1991
8,David,Jennifer,1991
9,Joseph,Elizabeth,1991
10,John,Emily,1991
11,Ryan,Megan,1991
12,Nicholas,Kayla,1991
13,Robert,Lauren,1991
14,Justin,Rachel,1991
15,Brandon,Nicole,1991
16,Tyler,Amber,1991
17,Jacob,Danielle,1991
18,Anthony,Chelsea,1991
19,William,Courtney,1991
20,Jonathan,Melissa,1991
1,Michael,Ashley,1992
2,Christopher,Jessica,1992
3,Matthew,Amanda,1992
4,Joshua,Brittany,1992
5,Andrew,Sarah,1992
6,Brandon,Samantha,1992
7,Daniel,Emily,1992
8,Tyler,Stephanie,1992
9,James,Elizabeth,1992
10,David,Megan,1992
11,Joseph,Jennifer,1992
12,Nicholas,Lauren,1992
13,Ryan,Kayla,1992
14,John,Nicole,1992
15,Jacob,Chelsea,1992
16,Zachary,Rachel,1992
17,Robert,Taylor,1992
18,Justin,Danielle,1992
19,Anthony,Amber,1992
20,William,Rebecca,1992
1,Michael,Jessica,1993
2,Christopher,Ashley,1993
3,Matthew,Sarah,1993
4,Joshua,Samantha,1993
5,Tyler,Emily,1993
6,Brandon,Brittany,1993
7,Daniel,Taylor,1993
8,Nicholas,Amanda,1993
9,Jacob,Elizabeth,1993
10,Andrew,Stephanie,1993
11,David,Megan,1993
12,Joseph,Lauren,1993
13,Ryan,Nicole,1993
14,James,Rachel,1993
15,Zachary,Jennifer,1993
16,John,Kayla,1993
17,Robert,Amber,1993
18,William,Danielle,1993
19,Anthony,Victoria,1993
20,Justin,Courtney,1993
1,Michael,Jessica,1994
2,Christopher,Ashley,1994
3,Matthew,Emily,1994
4,Joshua,Samantha,1994
5,Tyler,Sarah,1994
6,Brandon,Taylor,1994
7,Jacob,Brittany,1994
8,Daniel,Amanda,1994
9,Nicholas,Elizabeth,1994
10,Andrew,Megan,1994
11,Joseph,Nicole,1994
12,Zachary,Kayla,1994
13,David,Rachel,1994
14,James,Lauren,1994
15,John,Stephanie,1994
16,Ryan,Hannah,1994
17,Austin,Jennifer,1994
18,Anthony,Alexis,1994
19,William,Victoria,1994
20,Justin,Danielle,1994
1,Michael,Jessica,1995
2,Matthew,Ashley,1995
3,Christopher,Emily,1995
4,Jacob,Samantha,1995
5,Joshua,Sarah,1995
6,Nicholas,Taylor,1995
7,Tyler,Hannah,1995
8,Brandon,Brittany,1995
9,Daniel,Amanda,1995
10,Austin,Elizabeth,1995
11,Andrew,Kayla,1995
12,Joseph,Rachel,1995
13,John,Megan,1995
14,Zachary,Alexis,1995
15,Ryan,Lauren,1995
16,David,Stephanie,1995
17,James,Courtney,1995
18,Justin,Jennifer,1995
19,Anthony,Nicole,1995
20,William,Victoria,1995
1,Michael,Emily,1996
2,Matthew,Jessica,1996
3,Jacob,Ashley,1996
4,Christopher,Sarah,1996
5,Joshua,Samantha,1996
6,Nicholas,Taylor,1996
7,Tyler,Hannah,1996
8,Brandon,Alexis,1996
9,Austin,Rachel,1996
10,Andrew,Elizabeth,1996
11,Daniel,Kayla,1996
12,Joseph,Megan,1996
13,David,Amanda,1996
14,Zachary,Brittany,1996
15,John,Madison,1996
16,Ryan,Lauren,1996
17,James,Brianna,1996
18,William,Victoria,1996
19,Anthony,Jennifer,1996
20,Justin,Stephanie,1996
1,Michael,Emily,1997
2,Jacob,Jessica,1997
3,Matthew,Ashley,1997
4,Christopher,Sarah,1997
5,Joshua,Hannah,1997
6,Nicholas,Samantha,1997
7,Andrew,Taylor,1997
8,Brandon,Alexis,1997
9,Austin,Elizabeth,1997
10,Tyler,Madison,1997
11,Daniel,Megan,1997
12,Joseph,Kayla,1997
13,Zachary,Rachel,1997
14,David,Lauren,1997
15,John,Alyssa,1997
16,Ryan,Amanda,1997
17,James,Brianna,1997
18,Anthony,Jennifer,1997
19,William,Victoria,1997
20,Justin,Brittany,1997
1,Michael,Emily,1998
2,Jacob,Hannah,1998
3,Matthew,Samantha,1998
4,Joshua,Sarah,1998
5,Christopher,Ashley,1998
6,Nicholas,Alexis,1998
7,Brandon,Taylor,1998
8,Tyler,Jessica,1998
9,Andrew,Madison,1998
10,Austin,Elizabeth,1998
11,Joseph,Alyssa,1998
12,Daniel,Kayla,1998
13,David,Megan,1998
14,William,Lauren,1998
15,John,Rachel,1998
16,Zachary,Victoria,1998
17,Ryan,Brianna,1998
18,James,Abigail,1998
19,Anthony,Amanda,1998
20,Justin,Jennifer,1998
1,Jacob,Emily,1999
2,Michael,Hannah,1999
3,Matthew,Alexis,1999
4,Joshua,Sarah,1999
5,Nicholas,Samantha,1999
6,Christopher,Ashley,1999
7,Andrew,Madison,1999
8,Joseph,Taylor,1999
9,Daniel,Jessica,1999
10,Tyler,Elizabeth,1999
11,Brandon,Alyssa,1999
12,Ryan,Lauren,1999
13,Austin,Kayla,1999
14,William,Brianna,1999
15,John,Megan,1999
16,David,Victoria,1999
17,Zachary,Emma,1999
18,Anthony,Abigail,1999
19,James,Rachel,1999
20,Justin,Olivia,1999
1,Jacob,Emily,2000
2,Michael,Hannah,2000
3,Matthew,Madison,2000
4,Joshua,Ashley,2000
5,Christopher,Sarah,2000
6,Nicholas,Alexis,2000
7,Andrew,Samantha,2000
8,Joseph,Jessica,2000
9,Daniel,Elizabeth,2000
10,Tyler,Taylor,2000
11,William,Lauren,2000
12,Brandon,Alyssa,2000
13,Ryan,Kayla,2000
14,John,Abigail,2000
15,Zachary,Brianna,2000
16,David,Olivia,2000
17,Anthony,Emma,2000
18,James,Megan,2000
19,Justin,Grace,2000
20,Alexander,Victoria,2000
1,Jacob,Emily,2001
2,Michael,Madison,2001
3,Matthew,Hannah,2001
4,Joshua,Ashley,2001
5,Christopher,Alexis,2001
6,Nicholas,Sarah,2001
7,Andrew,Samantha,2001
8,Joseph,Abigail,2001
9,Daniel,Elizabeth,2001
10,William,Olivia,2001
11,Anthony,Jessica,2001
12,David,Taylor,2001
13,Tyler,Emma,2001
14,John,Alyssa,2001
15,Ryan,Lauren,2001
16,Zachary,Grace,2001
17,Ethan,Kayla,2001
18,Brandon,Brianna,2001
19,James,Anna,2001
20,Alexander,Megan,2001
1,Jacob,Emily,2002
2,Michael,Madison,2002
3,Joshua,Hannah,2002
4,Matthew,Emma,2002
5,Ethan,Alexis,2002
6,Andrew,Ashley,2002
7,Joseph,Abigail,2002
8,Christopher,Sarah,2002
9,Nicholas,Samantha,2002
10,Daniel,Olivia,2002
11,William,Elizabeth,2002
12,Anthony,Alyssa,2002
13,David,Lauren,2002
14,Tyler,Isabella,2002
15,Alexander,Grace,2002
16,Ryan,Jessica,2002
17,John,Brianna,2002
18,James,Taylor,2002
19,Zachary,Kayla,2002
20,Brandon,Anna,2002
1,Jacob,Emily,2003
2,Michael,Emma,2003
3,Joshua,Madison,2003
4,Matthew,Hannah,2003
5,Andrew,Olivia,2003
6,Joseph,Abigail,2003
7,Ethan,Alexis,2003
8,Daniel,Ashley,2003
9,Christopher,Elizabeth,2003
10,Anthony,Samantha,2003
11,William,Isabella,2003
12,Nicholas,Sarah,2003
13,Ryan,Grace,2003
14,David,Alyssa,2003
15,Tyler,Lauren,2003
16,Alexander,Kayla,2003
17,John,Brianna,2003
18,James,Jessica,2003
19,Dylan,Taylor,2003
20,Zachary,Sophia,2003
1,Jacob,Emily,2004
2,Michael,Emma,2004
3,Joshua,Madison,2004
4,Matthew,Olivia,2004
5,Ethan,Hannah,2004
6,Andrew,Abigail,2004
7,Daniel,Isabella,2004
8,William,Ashley,2004
9,Joseph,Samantha,2004
10,Christopher,Elizabeth,2004
11,Anthony,Alexis,2004
12,Ryan,Sarah,2004
13,Nicholas,Grace,2004
14,David,Alyssa,2004
15,Alexander,Sophia,2004
16,Tyler,Lauren,2004
17,James,Brianna,2004
18,John,Kayla,2004
19,Dylan,Natalie,2004
20,Nathan,Anna,2004
1,Jacob,Emily,2005
2,Michael,Emma,2005
3,Joshua,Madison,2005
4,Matthew,Abigail,2005
5,Ethan,Olivia,2005
6,Andrew,Isabella,2005
7,Daniel,Hannah,2005
8,Anthony,Samantha,2005
9,Joseph,Ava,2005
10,Christopher,Ashley,2005
11,William,Elizabeth,2005
12,Alexander,Sophia,2005
13,David,Alexis,2005
14,Ryan,Grace,2005
15,Nicholas,Sarah,2005
16,Tyler,Alyssa,2005
17,James,Mia,2005
18,John,Natalie,2005
19,Jonathan,Chloe,2005
20,Nathan,Brianna,2005
1,Jacob,Emily,2006
2,Michael,Emma,2006
3,Joshua,Madison,2006
4,Ethan,Isabella,2006
5,Matthew,Ava,2006
6,Daniel,Abigail,2006
7,Andrew,Olivia,2006
8,Christopher,Hannah,2006
9,Anthony,Sophia,2006
10,William,Samantha,2006
11,Joseph,Elizabeth,2006
12,Alexander,Ashley,2006
13,David,Mia,2006
14,Ryan,Alexis,2006
15,Noah,Sarah,2006
16,James,Grace,2006
17,Nicholas,Natalie,2006
18,Tyler,Chloe,2006
19,John,Alyssa,2006
20,Logan,Brianna,2006
1,Jacob,Emily,2007
2,Michael,Isabella,2007
3,Ethan,Emma,2007
4,Joshua,Ava,2007
5,Daniel,Madison,2007
6,Christopher,Sophia,2007
7,Anthony,Olivia,2007
8,William,Abigail,2007
9,Matthew,Hannah,2007
10,Andrew,Elizabeth,2007
11,Alexander,Addison,2007
12,David,Samantha,2007
13,Joseph,Ashley,2007
14,Noah,Alyssa,2007
15,James,Mia,2007
16,Ryan,Chloe,2007
17,Logan,Natalie,2007
18,Jayden,Sarah,2007
19,John,Alexis,2007
20,Nicholas,Grace,2007
1,Jacob,Emma,2008
2,Michael,Isabella,2008
3,Ethan,Emily,2008
4,Joshua,Olivia,2008
5,Daniel,Ava,2008
6,Alexander,Madison,2008
7,Anthony,Sophia,2008
8,William,Abigail,2008
9,Christopher,Elizabeth,2008
10,Matthew,Chloe,2008
11,Jayden,Samantha,2008
12,Andrew,Addison,2008
13,Joseph,Natalie,2008
14,David,Mia,2008
15,Noah,Alexis,2008
16,Aiden,Alyssa,2008
17,James,Hannah,2008
18,Ryan,Ashley,2008
19,Logan,Ella,2008
20,John,Sarah,2008
1,Jacob,Isabella,2009
2,Ethan,Emma,2009
3,Michael,Olivia,2009
4,Alexander,Sophia,2009
5,William,Ava,2009
6,Joshua,Emily,2009
7,Daniel,Madison,2009
8,Jayden,Abigail,2009
9,Noah,Chloe,2009
10,Christopher,Mia,2009
11,Anthony,Elizabeth,2009
12,Aiden,Addison,2009
13,Matthew,Alexis,2009
14,David,Samantha,2009
15,Joseph,Ella,2009
16,Andrew,Natalie,2009
17,Logan,Grace,2009
18,James,Lily,2009
19,Benjamin,Alyssa,2009
20,Ryan,Ashley,2009
1,Jacob,Isabella,2010
2,Ethan,Sophia,2010
3,Michael,Emma,2010
4,Jayden,Olivia,2010
5,William,Ava,2010
6,Alexander,Emily,2010
7,Noah,Abigail,2010
8,Daniel,Madison,2010
9,Aiden,Chloe,2010
10,Anthony,Mia,2010
11,Joshua,Addison,2010
12,Mason,Elizabeth,2010
13,Christopher,Ella,2010
14,Andrew,Natalie,2010
15,David,Samantha,2010
16,Matthew,Alexis,2010
17,Logan,Lily,2010
18,Elijah,Grace,2010
19,James,Hailey,2010
20,Joseph,Hannah,2010
1,Jacob,Sophia,2011
2,Mason,Isabella,2011
3,William,Emma,2011
4,Jayden,Olivia,2011
5,Noah,Ava,2011
6,Michael,Emily,2011
7,Ethan,Abigail,2011
8,Alexander,Madison,2011
9,Aiden,Mia,2011
10,Daniel,Chloe,2011
11,Anthony,Elizabeth,2011
12,Matthew,Ella,2011
13,Elijah,Addison,2011
14,Joshua,Natalie,2011
15,Liam,Lily,2011
16,Andrew,Grace,2011
17,James,Samantha,2011
18,David,Avery,2011
19,Benjamin,Sofia,2011
20,Christopher,Aubrey,2011
1,Jacob,Sophia,2012
2,Mason,Emma,2012
3,Ethan,Isabella,2012
4,Noah,Olivia,2012
5,William,Ava,2012
6,Liam,Emily,2012
7,Michael,Abigail,2012
8,Jayden,Mia,2012
9,Alexander,Madison,2012
10,Aiden,Elizabeth,2012
11,Daniel,Chloe,2012
12,Matthew,Ella,2012
13,Elijah,Avery,2012
14,James,Addison,2012
15,Anthony,Aubrey,2012
16,Benjamin,Lily,2012
17,Joshua,Natalie,2012
18,Andrew,Sofia,2012
19,Joseph,Charlotte,2012
20,David,Zoey,2012
1,Noah,Sophia,2013
2,Jacob,Emma,2013
3,Liam,Olivia,2013
4,Mason,Isabella,2013
5,William,Ava,2013
6,Ethan,Mia,2013
7,Michael,Emily,2013
8,Alexander,Abigail,2013
9,Jayden,Madison,2013
10,Daniel,Elizabeth,2013
11,Elijah,Charlotte,2013
12,Aiden,Avery,2013
13,James,Sofia,2013
14,Benjamin,Chloe,2013
15,Matthew,Ella,2013
16,Jackson,Harper,2013
17,David,Amelia,2013
18,Logan,Aubrey,2013
19,Anthony,Addison,2013
20,Joseph,Evelyn,2013
1,Noah,Emma,2014
2,Liam,Olivia,2014
3,Mason,Sophia,2014
4,Jacob,Isabella,2014
5,William,Ava,2014
6,Ethan,Mia,2014
7,Michael,Emily,2014
8,Alexander,Abigail,2014
9,James,Madison,2014
10,Daniel,Charlotte,2014
11,Elijah,Harper,2014
12,Benjamin,Sofia,2014
13,Logan,Elizabeth,2014
14,Aiden,Avery,2014
15,Jayden,Amelia,2014
16,Matthew,Evelyn,2014
17,Jackson,Ella,2014
18,David,Chloe,2014
19,Lucas,Victoria,2014
20,Joseph,Grace,2014
1,Noah,Emma,2015
2,Liam,Olivia,2015
3,Mason,Sophia,2015
4,Jacob,Ava,2015
5,William,Isabella,2015
6,Ethan,Mia,2015
7,James,Abigail,2015
8,Alexander,Emily,2015
9,Michael,Charlotte,2015
10,Benjamin,Harper,2015
11,Elijah,Madison,2015
12,Daniel,Amelia,2015
13,Aiden,Elizabeth,2015
14,Logan,Sofia,2015
15,Matthew,Evelyn,2015
16,Lucas,Avery,2015
17,Jackson,Chloe,2015
18,David,Ella,2015
19,Oliver,Grace,2015
20,Jayden,Victoria,2015
1,Noah,Emma,2016
2,Liam,Olivia,2016
3,William,Ava,2016
4,Mason,Sophia,2016
5,James,Isabella,2016
6,Benjamin,Mia,2016
7,Jacob,Charlotte,2016
8,Michael,Abigail,2016
9,Elijah,Emily,2016
10,Ethan,Harper,2016
11,Alexander,Amelia,2016
12,Oliver,Evelyn,2016
13,Daniel,Elizabeth,2016
14,Lucas,Sofia,2016
15,Matthew,Madison,2016
16,Aiden,Avery,2016
17,Jackson,Ella,2016
18,Logan,Scarlett,2016
19,David,Grace,2016
20,Joseph,Chloe,2016
1,Liam,Emma,2017
2,Noah,Olivia,2017
3,William,Ava,2017
4,James,Isabella,2017
5,Logan,Sophia,2017
6,Benjamin,Mia,2017
7,Mason,Charlotte,2017
8,Elijah,Amelia,2017
9,Jacob,Evelyn,2017
10,Oliver,Abigail,2017
11,Lucas,Harper,2017
12,Michael,Emily,2017
13,Alexander,Elizabeth,2017
14,Ethan,Avery,2017
15,Daniel,Sofia,2017
16,Matthew,Ella,2017
17,Aiden,Madison,2017
18,Henry,Scarlett,2017
19,Joseph,Victoria,2017
20,Jackson,Aria,2017
1,Liam,Emma,2018
2,Noah,Olivia,2018
3,William,Ava,2018
4,James,Isabella,2018
5,Oliver,Sophia,2018
6,Benjamin,Charlotte,2018
7,Elijah,Mia,2018
8,Lucas,Amelia,2018
9,Mason,Harper,2018
10,Logan,Evelyn,2018
11,Alexander,Abigail,2018
12,Ethan,Emily,2018
13,Jacob,Elizabeth,2018
14,Michael,Mila,2018
15,Daniel,Ella,2018
16,Henry,Avery,2018
17,Jackson,Sofia,2018
18,Sebastian,Camila,2018
19,Aiden,Aria,2018
20,Matthew,Scarlett,2018
1,Liam,Olivia,2019
2,Noah,Emma,2019
3,Oliver,Ava,2019
4,William,Sophia,2019
5,Elijah,Isabella,2019
6,James,Charlotte,2019
7,Benjamin,Amelia,2019
8,Lucas,Mia,2019
9,Mason,Harper,2019
10,Ethan,Evelyn,2019
11,Alexander,Abigail,2019
12,Henry,Emily,2019
13,Jacob,Ella,2019
14,Michael,Elizabeth,2019
15,Daniel,Camila,2019
16,Logan,Luna,2019
17,Jackson,Sofia,2019
18,Sebastian,Avery,2019
19,Jack,Mila,2019
20,Aiden,Aria,2019
1,Liam,Olivia,2020
2,Noah,Emma,2020
3,Oliver,Ava,2020
4,Elijah,Charlotte,2020
5,William,Sophia,2020
6,James,Amelia,2020
7,Benjamin,Isabella,2020
8,Lucas,Mia,2020
9,Henry,Evelyn,2020
10,Alexander,Harper,2020
11,Mason,Camila,2020
12,Michael,Gianna,2020
13,Ethan,Abigail,2020
14,Daniel,Luna,2020
15,Jacob,Ella,2020
16,Logan,Elizabeth,2020
17,Jackson,Sofia,2020
18,Levi,Emily,2020
19,Sebastian,Avery,2020
20,Mateo,Mila,2020
